2026-07-24 21:03:57 [main] INFO  c.p.h.HotelManagementSystemApplication - Starting HotelManagementSystemApplication using Java 26.0.1 with PID 40084 (C:\Users\11837\IdeaProjects\HotelManagementSystem\target\classes started by 11837 in C:\Users\11837\IdeaProjects\HotelManagementSystem)
2026-07-24 21:03:57 [main] DEBUG c.p.h.HotelManagementSystemApplication - Running with Spring Boot v4.1.0, Spring v7.0.8
2026-07-24 21:03:57 [main] INFO  c.p.h.HotelManagementSystemApplication - No active profile set, falling back to 1 default profile: "default"
2026-07-24 21:03:58 [main] INFO  o.s.d.r.c.RepositoryConfigurationDelegate - Bootstrapping Spring Data JPA repositories in DEFAULT mode.
2026-07-24 21:03:58 [main] INFO  o.s.d.r.c.RepositoryConfigurationDelegate - Finished Spring Data repository scanning in 79 ms. Found 17 JPA repository interfaces.
2026-07-24 21:03:59 [main] INFO  o.s.boot.tomcat.TomcatWebServer - Tomcat initialized with port 8080 (http)
2026-07-24 21:03:59 [main] INFO  o.a.catalina.core.StandardService - Starting service [Tomcat]
2026-07-24 21:03:59 [main] INFO  o.a.catalina.core.StandardEngine - Starting Servlet engine: [Apache Tomcat/11.0.22]
2026-07-24 21:03:59 [main] INFO  o.s.b.w.c.s.WebApplicationContextInitializer - Root WebApplicationContext: initialization completed in 1474 ms
2026-07-24 21:03:59 [main] INFO  org.hibernate.orm.jpa - HHH008540: Processing PersistenceUnitInfo [name: default]
2026-07-24 21:03:59 [main] INFO  org.hibernate.orm.core - HHH000001: Hibernate ORM core version 7.4.1.Final
2026-07-24 21:03:59 [main] INFO  o.s.o.j.p.SpringPersistenceUnitInfo - No LoadTimeWeaver setup: ignoring JPA class transformer
2026-07-24 21:04:00 [main] INFO  com.zaxxer.hikari.HikariDataSource - HikariPool-1 - Starting...
2026-07-24 21:04:00 [main] INFO  com.zaxxer.hikari.pool.HikariPool - HikariPool-1 - Added connection ConnectionID:1 ClientConnectionId: 9f06cde9-d8c2-4428-a21a-416a55bdeb2a
2026-07-24 21:04:00 [main] INFO  com.zaxxer.hikari.HikariDataSource - HikariPool-1 - Start completed.
2026-07-24 21:04:00 [main] WARN  org.hibernate.orm.deprecation - HHH90000025: SQLServerDialect does not need to be specified explicitly using 'hibernate.dialect' (remove the property setting and it will be selected by default)
2026-07-24 21:04:00 [main] INFO  o.hibernate.orm.connections.pooling - HHH10001005: Database info:
	Database JDBC URL [jdbc:sqlserver://localhost\SQLEXPRESS:11837;concatNullYieldsNull=ON;quotedIdentifier=ON;connectRetryInterval=10;connectRetryCount=1;maxResultBuffer=-1;sendTemporalDataTypesAsStringForBulkCopy=true;delayLoadingLobs=true;useFmtOnly=false;vectorTypeSupport=v1;cacheBulkCopyMetadata=false;bulkCopyForBatchInsertAllowEncryptedValueModifications=false;bulkCopyForBatchInsertTableLock=false;bulkCopyForBatchInsertKeepNulls=false;bulkCopyForBatchInsertKeepIdentity=false;bulkCopyForBatchInsertFireTriggers=false;bulkCopyForBatchInsertCheckConstraints=false;bulkCopyForBatchInsertBatchSize=0;useBulkCopyForBatchInsert=false;cancelQueryTimeout=-1;sslProtocol=TLS;calcBigDecimalPrecision=false;useDefaultJaasConfig=false;jaasConfigurationName=SQLJDBCDriver;statementPoolingCacheSize=0;serverPreparedStatementDiscardThreshold=10;enablePrepareOnFirstPreparedStatementCall=false;fips=false;socketTimeout=0;authentication=NotSpecified;authenticationScheme=nativeAuthentication;xopenStates=false;datetimeParameterType=datetime2;sendTimeAsDatetime=true;replication=false;trustStoreType=JKS;trustServerCertificate=true;TransparentNetworkIPResolution=true;iPAddressPreference=IPv4First;serverNameAsACE=false;sendStringParametersAsUnicode=true;selectMethod=direct;responseBuffering=adaptive;queryTimeout=-1;packetSize=8000;multiSubnetFailover=false;loginTimeout=30;lockTimeout=-1;lastUpdateCount=true;useDefaultGSSCredential=false;prepareMethod=prepexec;encrypt=true;disableStatementPooling=true;databaseName=HotelManagementSystem;columnEncryptionSetting=Disabled;applicationName=Microsoft JDBC Driver for SQL Server;applicationIntent=readwrite;]
	Database driver: Microsoft JDBC Driver 13.4 for SQL Server
	Database dialect: SQLServerDialect
	Database version: 17.0
	Default catalog/schema: HotelManagementSystem/dbo
	Autocommit mode: undefined/unknown
	Isolation level: READ_COMMITTED [default READ_COMMITTED]
	JDBC fetch size: 128
	Pool: DataSourceConnectionProvider
	Minimum pool size: undefined/unknown
	Maximum pool size: undefined/unknown
2026-07-24 21:04:02 [main] INFO  org.hibernate.orm.core - HHH000489: No JTA platform available (set 'hibernate.transaction.jta.platform' to enable JTA platform integration)
2026-07-24 21:04:02 [main] DEBUG org.hibernate.SQL - 
    alter table check_ins 
       alter column notes VARCHAR(MAX)
2026-07-24 21:04:02 [main] DEBUG org.hibernate.SQL - 
    alter table guests 
       alter column notes VARCHAR(MAX)
2026-07-24 21:04:02 [main] DEBUG org.hibernate.SQL - 
    alter table hotels 
       alter column description VARCHAR(MAX)
2026-07-24 21:04:02 [main] DEBUG org.hibernate.SQL - 
    alter table reservations 
       alter column special_requests VARCHAR(MAX)
2026-07-24 21:04:02 [main] DEBUG org.hibernate.SQL - 
    alter table room_status_logs 
       alter column notes VARCHAR(MAX)
2026-07-24 21:04:02 [main] DEBUG org.hibernate.SQL - 
    alter table room_types 
       alter column description VARCHAR(MAX)
2026-07-24 21:04:02 [main] DEBUG org.hibernate.SQL - 
    alter table rooms 
       alter column notes VARCHAR(MAX)
2026-07-24 21:04:02 [main] INFO  o.s.o.j.LocalContainerEntityManagerFactoryBean - Initialized JPA EntityManagerFactory for persistence unit 'default'
2026-07-24 21:04:02 [main] INFO  o.s.d.j.r.q.QueryEnhancerFactories - Hibernate is in classpath; If applicable, HQL parser will be used.
2026-07-24 21:04:03 [main] INFO  o.s.boot.tomcat.TomcatWebServer - Tomcat started on port 8080 (http) with context path '/'
2026-07-24 21:04:03 [main] INFO  c.p.h.HotelManagementSystemApplication - Started HotelManagementSystemApplication in 6.931 seconds (process running for 7.736)
2026-07-24 21:04:03 [main] WARN  o.s.c.events.SpringDocAppInitializer - SpringDoc /api-docs endpoint is enabled by default. To disable it in production, set the property 'springdoc.api-docs.enabled=false'
2026-07-24 21:04:27 [http-nio-8080-exec-1] INFO  o.a.c.c.C.[Tomcat].[localhost].[/] - Initializing Spring DispatcherServlet 'dispatcherServlet'
2026-07-24 21:04:27 [http-nio-8080-exec-1] INFO  o.s.web.servlet.DispatcherServlet - Initializing Servlet 'dispatcherServlet'
2026-07-24 21:04:27 [http-nio-8080-exec-1] INFO  o.s.web.servlet.DispatcherServlet - Completed initialization in 2 ms
2026-07-24 21:04:29 [http-nio-8080-exec-10] INFO  o.s.api.AbstractOpenApiResource - Init duration for springdoc-openapi is: 981 ms
2026-07-24 21:05:12 [SpringApplicationShutdownHook] INFO  o.s.boot.tomcat.GracefulShutdown - Commencing graceful shutdown. Waiting for active requests to complete
2026-07-24 21:05:12 [tomcat-shutdown] INFO  o.s.boot.tomcat.GracefulShutdown - Graceful shutdown complete
2026-07-24 21:05:12 [SpringApplicationShutdownHook] INFO  o.s.o.j.LocalContainerEntityManagerFactoryBean - Closing JPA EntityManagerFactory for persistence unit 'default'
2026-07-24 21:05:12 [SpringApplicationShutdownHook] INFO  com.zaxxer.hikari.HikariDataSource - HikariPool-1 - Shutdown initiated...
2026-07-24 21:05:12 [SpringApplicationShutdownHook] INFO  com.zaxxer.hikari.HikariDataSource - HikariPool-1 - Shutdown completed.
2026-07-24 21:12:46 [main] INFO  c.p.h.HotelManagementSystemApplication - Starting HotelManagementSystemApplication using Java 24.0.1 with PID 40068 (C:\Users\11837\IdeaProjects\HotelManagementSystem\target\classes started by 11837 in C:\Users\11837\IdeaProjects\HotelManagementSystem)
2026-07-24 21:12:46 [main] DEBUG c.p.h.HotelManagementSystemApplication - Running with Spring Boot v4.1.0, Spring v7.0.8
2026-07-24 21:12:46 [main] INFO  c.p.h.HotelManagementSystemApplication - No active profile set, falling back to 1 default profile: "default"
2026-07-24 21:12:47 [main] INFO  o.s.d.r.c.RepositoryConfigurationDelegate - Bootstrapping Spring Data JPA repositories in DEFAULT mode.
2026-07-24 21:12:47 [main] INFO  o.s.d.r.c.RepositoryConfigurationDelegate - Finished Spring Data repository scanning in 97 ms. Found 17 JPA repository interfaces.
2026-07-24 21:12:48 [main] INFO  o.s.boot.tomcat.TomcatWebServer - Tomcat initialized with port 8080 (http)
2026-07-24 21:12:48 [main] INFO  o.a.catalina.core.StandardService - Starting service [Tomcat]
2026-07-24 21:12:48 [main] INFO  o.a.catalina.core.StandardEngine - Starting Servlet engine: [Apache Tomcat/11.0.22]
2026-07-24 21:12:48 [main] INFO  o.s.b.w.c.s.WebApplicationContextInitializer - Root WebApplicationContext: initialization completed in 2074 ms
2026-07-24 21:12:48 [main] INFO  org.hibernate.orm.jpa - HHH008540: Processing PersistenceUnitInfo [name: default]
2026-07-24 21:12:48 [main] INFO  org.hibernate.orm.core - HHH000001: Hibernate ORM core version 7.4.1.Final
2026-07-24 21:12:49 [main] INFO  o.s.o.j.p.SpringPersistenceUnitInfo - No LoadTimeWeaver setup: ignoring JPA class transformer
2026-07-24 21:12:49 [main] INFO  com.zaxxer.hikari.HikariDataSource - HikariPool-1 - Starting...
2026-07-24 21:12:49 [main] INFO  com.zaxxer.hikari.pool.HikariPool - HikariPool-1 - Added connection ConnectionID:1 ClientConnectionId: a1ee2df6-f795-4bd2-85f0-6ef780fa0a99
2026-07-24 21:12:49 [main] INFO  com.zaxxer.hikari.HikariDataSource - HikariPool-1 - Start completed.
2026-07-24 21:12:49 [main] WARN  org.hibernate.orm.deprecation - HHH90000025: SQLServerDialect does not need to be specified explicitly using 'hibernate.dialect' (remove the property setting and it will be selected by default)
2026-07-24 21:12:50 [main] INFO  o.hibernate.orm.connections.pooling - HHH10001005: Database info:
	Database JDBC URL [jdbc:sqlserver://localhost\SQLEXPRESS:11837;concatNullYieldsNull=ON;quotedIdentifier=ON;connectRetryInterval=10;connectRetryCount=1;maxResultBuffer=-1;sendTemporalDataTypesAsStringForBulkCopy=true;delayLoadingLobs=true;useFmtOnly=false;vectorTypeSupport=v1;cacheBulkCopyMetadata=false;bulkCopyForBatchInsertAllowEncryptedValueModifications=false;bulkCopyForBatchInsertTableLock=false;bulkCopyForBatchInsertKeepNulls=false;bulkCopyForBatchInsertKeepIdentity=false;bulkCopyForBatchInsertFireTriggers=false;bulkCopyForBatchInsertCheckConstraints=false;bulkCopyForBatchInsertBatchSize=0;useBulkCopyForBatchInsert=false;cancelQueryTimeout=-1;sslProtocol=TLS;calcBigDecimalPrecision=false;useDefaultJaasConfig=false;jaasConfigurationName=SQLJDBCDriver;statementPoolingCacheSize=0;serverPreparedStatementDiscardThreshold=10;enablePrepareOnFirstPreparedStatementCall=false;fips=false;socketTimeout=0;authentication=NotSpecified;authenticationScheme=nativeAuthentication;xopenStates=false;datetimeParameterType=datetime2;sendTimeAsDatetime=true;replication=false;trustStoreType=JKS;trustServerCertificate=true;TransparentNetworkIPResolution=true;iPAddressPreference=IPv4First;serverNameAsACE=false;sendStringParametersAsUnicode=true;selectMethod=direct;responseBuffering=adaptive;queryTimeout=-1;packetSize=8000;multiSubnetFailover=false;loginTimeout=30;lockTimeout=-1;lastUpdateCount=true;useDefaultGSSCredential=false;prepareMethod=prepexec;encrypt=true;disableStatementPooling=true;databaseName=HotelManagementSystem;columnEncryptionSetting=Disabled;applicationName=Microsoft JDBC Driver for SQL Server;applicationIntent=readwrite;]
	Database driver: Microsoft JDBC Driver 13.4 for SQL Server
	Database dialect: SQLServerDialect
	Database version: 17.0
	Default catalog/schema: HotelManagementSystem/dbo
	Autocommit mode: undefined/unknown
	Isolation level: READ_COMMITTED [default READ_COMMITTED]
	JDBC fetch size: 128
	Pool: DataSourceConnectionProvider
	Minimum pool size: undefined/unknown
	Maximum pool size: undefined/unknown
2026-07-24 21:12:51 [main] INFO  org.hibernate.orm.core - HHH000489: No JTA platform available (set 'hibernate.transaction.jta.platform' to enable JTA platform integration)
2026-07-24 21:12:51 [main] DEBUG org.hibernate.SQL - 
    alter table check_ins 
       alter column notes VARCHAR(MAX)
2026-07-24 21:12:51 [main] DEBUG org.hibernate.SQL - 
    alter table guests 
       alter column notes VARCHAR(MAX)
2026-07-24 21:12:51 [main] DEBUG org.hibernate.SQL - 
    alter table hotels 
       alter column description VARCHAR(MAX)
2026-07-24 21:12:51 [main] DEBUG org.hibernate.SQL - 
    alter table reservations 
       alter column special_requests VARCHAR(MAX)
2026-07-24 21:12:51 [main] DEBUG org.hibernate.SQL - 
    alter table room_status_logs 
       alter column notes VARCHAR(MAX)
2026-07-24 21:12:51 [main] DEBUG org.hibernate.SQL - 
    alter table room_types 
       alter column description VARCHAR(MAX)
2026-07-24 21:12:51 [main] DEBUG org.hibernate.SQL - 
    alter table rooms 
       alter column notes VARCHAR(MAX)
2026-07-24 21:12:51 [main] INFO  o.s.o.j.LocalContainerEntityManagerFactoryBean - Initialized JPA EntityManagerFactory for persistence unit 'default'
2026-07-24 21:12:51 [main] INFO  o.s.d.j.r.q.QueryEnhancerFactories - Hibernate is in classpath; If applicable, HQL parser will be used.
2026-07-24 21:12:52 [main] INFO  o.s.boot.tomcat.TomcatWebServer - Tomcat started on port 8080 (http) with context path '/'
2026-07-24 21:12:52 [main] INFO  c.p.h.HotelManagementSystemApplication - Started HotelManagementSystemApplication in 7.088 seconds (process running for 7.54)
2026-07-24 21:12:52 [main] WARN  o.s.c.events.SpringDocAppInitializer - SpringDoc /api-docs endpoint is enabled by default. To disable it in production, set the property 'springdoc.api-docs.enabled=false'
2026-07-24 21:47:01 [main] INFO  c.p.h.HotelManagementSystemApplication - Starting HotelManagementSystemApplication using Java 24.0.1 with PID 17088 (C:\Users\11837\IdeaProjects\HotelManagementSystem\target\classes started by 11837 in C:\Users\11837\IdeaProjects\HotelManagementSystem)
2026-07-24 21:47:01 [main] DEBUG c.p.h.HotelManagementSystemApplication - Running with Spring Boot v4.1.0, Spring v7.0.8
2026-07-24 21:47:01 [main] INFO  c.p.h.HotelManagementSystemApplication - No active profile set, falling back to 1 default profile: "default"
2026-07-24 21:47:02 [main] INFO  o.s.d.r.c.RepositoryConfigurationDelegate - Bootstrapping Spring Data JPA repositories in DEFAULT mode.
2026-07-24 21:47:02 [main] INFO  o.s.d.r.c.RepositoryConfigurationDelegate - Finished Spring Data repository scanning in 106 ms. Found 17 JPA repository interfaces.
2026-07-24 21:47:03 [main] INFO  o.s.boot.tomcat.TomcatWebServer - Tomcat initialized with port 8080 (http)
2026-07-24 21:47:03 [main] INFO  o.a.catalina.core.StandardService - Starting service [Tomcat]
2026-07-24 21:47:03 [main] INFO  o.a.catalina.core.StandardEngine - Starting Servlet engine: [Apache Tomcat/11.0.22]
2026-07-24 21:47:03 [main] INFO  o.s.b.w.c.s.WebApplicationContextInitializer - Root WebApplicationContext: initialization completed in 1616 ms
2026-07-24 21:47:03 [main] INFO  org.hibernate.orm.jpa - HHH008540: Processing PersistenceUnitInfo [name: default]
2026-07-24 21:47:03 [main] INFO  org.hibernate.orm.core - HHH000001: Hibernate ORM core version 7.4.1.Final
2026-07-24 21:47:03 [main] INFO  o.s.o.j.p.SpringPersistenceUnitInfo - No LoadTimeWeaver setup: ignoring JPA class transformer
2026-07-24 21:47:03 [main] INFO  com.zaxxer.hikari.HikariDataSource - HikariPool-1 - Starting...
2026-07-24 21:47:04 [main] INFO  com.zaxxer.hikari.pool.HikariPool - HikariPool-1 - Added connection ConnectionID:1 ClientConnectionId: c18c5261-e04e-4b7c-8c5b-39230be2c9d7
2026-07-24 21:47:04 [main] INFO  com.zaxxer.hikari.HikariDataSource - HikariPool-1 - Start completed.
2026-07-24 21:47:04 [main] WARN  org.hibernate.orm.deprecation - HHH90000025: SQLServerDialect does not need to be specified explicitly using 'hibernate.dialect' (remove the property setting and it will be selected by default)
2026-07-24 21:47:04 [main] INFO  o.hibernate.orm.connections.pooling - HHH10001005: Database info:
	Database JDBC URL [jdbc:sqlserver://localhost\SQLEXPRESS:11837;concatNullYieldsNull=ON;quotedIdentifier=ON;connectRetryInterval=10;connectRetryCount=1;maxResultBuffer=-1;sendTemporalDataTypesAsStringForBulkCopy=true;delayLoadingLobs=true;useFmtOnly=false;vectorTypeSupport=v1;cacheBulkCopyMetadata=false;bulkCopyForBatchInsertAllowEncryptedValueModifications=false;bulkCopyForBatchInsertTableLock=false;bulkCopyForBatchInsertKeepNulls=false;bulkCopyForBatchInsertKeepIdentity=false;bulkCopyForBatchInsertFireTriggers=false;bulkCopyForBatchInsertCheckConstraints=false;bulkCopyForBatchInsertBatchSize=0;useBulkCopyForBatchInsert=false;cancelQueryTimeout=-1;sslProtocol=TLS;calcBigDecimalPrecision=false;useDefaultJaasConfig=false;jaasConfigurationName=SQLJDBCDriver;statementPoolingCacheSize=0;serverPreparedStatementDiscardThreshold=10;enablePrepareOnFirstPreparedStatementCall=false;fips=false;socketTimeout=0;authentication=NotSpecified;authenticationScheme=nativeAuthentication;xopenStates=false;datetimeParameterType=datetime2;sendTimeAsDatetime=true;replication=false;trustStoreType=JKS;trustServerCertificate=true;TransparentNetworkIPResolution=true;iPAddressPreference=IPv4First;serverNameAsACE=false;sendStringParametersAsUnicode=true;selectMethod=direct;responseBuffering=adaptive;queryTimeout=-1;packetSize=8000;multiSubnetFailover=false;loginTimeout=30;lockTimeout=-1;lastUpdateCount=true;useDefaultGSSCredential=false;prepareMethod=prepexec;encrypt=true;disableStatementPooling=true;databaseName=HotelManagementSystem;columnEncryptionSetting=Disabled;applicationName=Microsoft JDBC Driver for SQL Server;applicationIntent=readwrite;]
	Database driver: Microsoft JDBC Driver 13.4 for SQL Server
	Database dialect: SQLServerDialect
	Database version: 17.0
	Default catalog/schema: HotelManagementSystem/dbo
	Autocommit mode: undefined/unknown
	Isolation level: READ_COMMITTED [default READ_COMMITTED]
	JDBC fetch size: 128
	Pool: DataSourceConnectionProvider
	Minimum pool size: undefined/unknown
	Maximum pool size: undefined/unknown
2026-07-24 21:47:05 [main] INFO  org.hibernate.orm.core - HHH000489: No JTA platform available (set 'hibernate.transaction.jta.platform' to enable JTA platform integration)
2026-07-24 21:47:05 [main] DEBUG org.hibernate.SQL - 
    alter table check_ins 
       alter column notes VARCHAR(MAX)
2026-07-24 21:47:05 [main] DEBUG org.hibernate.SQL - 
    alter table guests 
       alter column notes VARCHAR(MAX)
2026-07-24 21:47:05 [main] DEBUG org.hibernate.SQL - 
    alter table guests 
       add password varchar(200)
2026-07-24 21:47:05 [main] DEBUG org.hibernate.SQL - 
    alter table hotels 
       alter column description VARCHAR(MAX)
2026-07-24 21:47:05 [main] DEBUG org.hibernate.SQL - 
    alter table reservations 
       alter column special_requests VARCHAR(MAX)
2026-07-24 21:47:05 [main] DEBUG org.hibernate.SQL - 
    alter table room_status_logs 
       alter column notes VARCHAR(MAX)
2026-07-24 21:47:05 [main] DEBUG org.hibernate.SQL - 
    alter table room_types 
       alter column description VARCHAR(MAX)
2026-07-24 21:47:05 [main] DEBUG org.hibernate.SQL - 
    alter table rooms 
       alter column notes VARCHAR(MAX)
2026-07-24 21:47:05 [main] INFO  o.s.o.j.LocalContainerEntityManagerFactoryBean - Initialized JPA EntityManagerFactory for persistence unit 'default'
2026-07-24 21:47:05 [main] INFO  o.s.d.j.r.q.QueryEnhancerFactories - Hibernate is in classpath; If applicable, HQL parser will be used.
2026-07-24 21:47:06 [main] WARN  o.s.b.s.a.UserDetailsServiceAutoConfiguration - 

Using generated security password: 5047b52d-e612-4866-9129-2d072c4683d1

This generated password is for development use only. Your security configuration must be updated before running your application in production.

2026-07-24 21:47:06 [main] INFO  o.s.s.c.a.a.c.InitializeUserDetailsBeanManagerConfigurer$InitializeUserDetailsManagerConfigurer - Global AuthenticationManager configured with UserDetailsService bean with name inMemoryUserDetailsManager
2026-07-24 21:47:07 [main] INFO  o.s.boot.tomcat.TomcatWebServer - Tomcat started on port 8080 (http) with context path '/'
2026-07-24 21:47:07 [main] INFO  c.p.h.HotelManagementSystemApplication - Started HotelManagementSystemApplication in 6.09 seconds (process running for 6.659)
2026-07-24 21:47:07 [main] WARN  o.s.c.events.SpringDocAppInitializer - SpringDoc /api-docs endpoint is enabled by default. To disable it in production, set the property 'springdoc.api-docs.enabled=false'
2026-07-24 21:47:11 [http-nio-8080-exec-1] INFO  o.a.c.c.C.[Tomcat].[localhost].[/] - Initializing Spring DispatcherServlet 'dispatcherServlet'
2026-07-24 21:47:11 [http-nio-8080-exec-1] INFO  o.s.web.servlet.DispatcherServlet - Initializing Servlet 'dispatcherServlet'
2026-07-24 21:47:11 [http-nio-8080-exec-1] INFO  o.s.web.servlet.DispatcherServlet - Completed initialization in 2 ms
2026-07-24 21:47:12 [http-nio-8080-exec-1] DEBUG org.hibernate.SQL - 
    select
        h1_0.id,
        h1_0.address,
        h1_0.created_at,
        h1_0.description,
        h1_0.email,
        h1_0.name,
        h1_0.phone 
    from
        hotels h1_0
2026-07-24 21:48:02 [http-nio-8080-exec-3] ERROR c.p.h.common.GlobalExceptionHandler - Unexpected error occurred
org.springframework.web.HttpMediaTypeNotSupportedException: Content-Type 'application/x-www-form-urlencoded;charset=UTF-8' is not supported
	at org.springframework.web.servlet.mvc.method.annotation.AbstractMessageConverterMethodArgumentResolver.readWithMessageConverters(AbstractMessageConverterMethodArgumentResolver.java:235)
	at org.springframework.web.servlet.mvc.method.annotation.RequestResponseBodyMethodProcessor.readWithMessageConverters(RequestResponseBodyMethodProcessor.java:181)
	at org.springframework.web.servlet.mvc.method.annotation.RequestResponseBodyMethodProcessor.resolveArgument(RequestResponseBodyMethodProcessor.java:156)
	at org.springframework.web.method.support.HandlerMethodArgumentResolverComposite.resolveArgument(HandlerMethodArgumentResolverComposite.java:122)
	at org.springframework.web.method.support.InvocableHandlerMethod.getMethodArgumentValues(InvocableHandlerMethod.java:224)
	at org.springframework.web.method.support.InvocableHandlerMethod.invokeForRequest(InvocableHandlerMethod.java:174)
	at org.springframework.web.servlet.mvc.method.annotation.ServletInvocableHandlerMethod.invokeAndHandle(ServletInvocableHandlerMethod.java:117)
	at org.springframework.web.servlet.mvc.method.annotation.RequestMappingHandlerAdapter.invokeHandlerMethod(RequestMappingHandlerAdapter.java:934)
	at org.springframework.web.servlet.mvc.method.annotation.RequestMappingHandlerAdapter.handleInternal(RequestMappingHandlerAdapter.java:853)
	at org.springframework.web.servlet.mvc.method.AbstractHandlerMethodAdapter.handle(AbstractHandlerMethodAdapter.java:86)
	at org.springframework.web.servlet.DispatcherServlet.doDispatch(DispatcherServlet.java:963)
	at org.springframework.web.servlet.DispatcherServlet.doService(DispatcherServlet.java:866)
	at org.springframework.web.servlet.FrameworkServlet.processRequest(FrameworkServlet.java:1000)
	at org.springframework.web.servlet.FrameworkServlet.doPost(FrameworkServlet.java:903)
	at jakarta.servlet.http.HttpServlet.service(HttpServlet.java:649)
	at org.springframework.web.servlet.FrameworkServlet.service(FrameworkServlet.java:874)
	at jakarta.servlet.http.HttpServlet.service(HttpServlet.java:710)
	at org.apache.catalina.core.ApplicationFilterChain.doFilter(ApplicationFilterChain.java:128)
	at org.apache.tomcat.websocket.server.WsFilter.doFilter(WsFilter.java:53)
	at org.apache.catalina.core.ApplicationFilterChain.doFilter(ApplicationFilterChain.java:107)
	at org.springframework.web.filter.CompositeFilter$VirtualFilterChain.doFilter(CompositeFilter.java:108)
	at org.springframework.security.web.FilterChainProxy.lambda$doFilterInternal$2(FilterChainProxy.java:235)
	at org.springframework.security.web.FilterChainProxy$VirtualFilterChain.doFilter(FilterChainProxy.java:376)
	at org.springframework.security.web.access.intercept.AuthorizationFilter.doFilter(AuthorizationFilter.java:101)
	at org.springframework.security.web.FilterChainProxy$VirtualFilterChain.doFilter(FilterChainProxy.java:385)
	at org.springframework.security.web.access.ExceptionTranslationFilter.doFilter(ExceptionTranslationFilter.java:126)
	at org.springframework.security.web.access.ExceptionTranslationFilter.doFilter(ExceptionTranslationFilter.java:120)
	at org.springframework.security.web.FilterChainProxy$VirtualFilterChain.doFilter(FilterChainProxy.java:385)
	at org.springframework.security.web.session.SessionManagementFilter.doFilter(SessionManagementFilter.java:132)
	at org.springframework.security.web.session.SessionManagementFilter.doFilter(SessionManagementFilter.java:86)
	at org.springframework.security.web.FilterChainProxy$VirtualFilterChain.doFilter(FilterChainProxy.java:385)
	at org.springframework.security.web.authentication.AnonymousAuthenticationFilter.doFilter(AnonymousAuthenticationFilter.java:100)
	at org.springframework.security.web.FilterChainProxy$VirtualFilterChain.doFilter(FilterChainProxy.java:385)
	at org.springframework.security.web.servletapi.SecurityContextHolderAwareRequestFilter.doFilter(SecurityContextHolderAwareRequestFilter.java:181)
	at org.springframework.security.web.FilterChainProxy$VirtualFilterChain.doFilter(FilterChainProxy.java:385)
	at org.springframework.security.web.savedrequest.RequestCacheAwareFilter.doFilter(RequestCacheAwareFilter.java:63)
	at org.springframework.security.web.FilterChainProxy$VirtualFilterChain.doFilter(FilterChainProxy.java:385)
	at org.springframework.security.web.authentication.logout.LogoutFilter.doFilter(LogoutFilter.java:110)
	at org.springframework.security.web.authentication.logout.LogoutFilter.doFilter(LogoutFilter.java:96)
	at org.springframework.security.web.FilterChainProxy$VirtualFilterChain.doFilter(FilterChainProxy.java:385)
	at org.springframework.web.filter.CorsFilter.doFilterInternal(CorsFilter.java:91)
	at org.springframework.web.filter.OncePerRequestFilter.doFilter(OncePerRequestFilter.java:116)
	at org.springframework.security.web.FilterChainProxy$VirtualFilterChain.doFilter(FilterChainProxy.java:385)
	at org.springframework.security.web.header.HeaderWriterFilter.doHeadersAfter(HeaderWriterFilter.java:90)
	at org.springframework.security.web.header.HeaderWriterFilter.doFilterInternal(HeaderWriterFilter.java:75)
	at org.springframework.web.filter.OncePerRequestFilter.doFilter(OncePerRequestFilter.java:116)
	at org.springframework.security.web.FilterChainProxy$VirtualFilterChain.doFilter(FilterChainProxy.java:385)
	at org.springframework.security.web.context.SecurityContextHolderFilter.doFilter(SecurityContextHolderFilter.java:82)
	at org.springframework.security.web.context.SecurityContextHolderFilter.doFilter(SecurityContextHolderFilter.java:69)
	at org.springframework.security.web.FilterChainProxy$VirtualFilterChain.doFilter(FilterChainProxy.java:385)
	at org.springframework.security.web.context.request.async.WebAsyncManagerIntegrationFilter.doFilterInternal(WebAsyncManagerIntegrationFilter.java:62)
	at org.springframework.web.filter.OncePerRequestFilter.doFilter(OncePerRequestFilter.java:116)
	at org.springframework.security.web.FilterChainProxy$VirtualFilterChain.doFilter(FilterChainProxy.java:385)
	at org.springframework.security.web.session.DisableEncodeUrlFilter.doFilterInternal(DisableEncodeUrlFilter.java:42)
	at org.springframework.web.filter.OncePerRequestFilter.doFilter(OncePerRequestFilter.java:116)
	at org.springframework.security.web.FilterChainProxy$VirtualFilterChain.doFilter(FilterChainProxy.java:385)
	at org.springframework.security.web.FilterChainProxy.doFilterInternal(FilterChainProxy.java:237)
	at org.springframework.security.web.FilterChainProxy.doFilter(FilterChainProxy.java:195)
	at org.springframework.web.filter.CompositeFilter$VirtualFilterChain.doFilter(CompositeFilter.java:113)
	at org.springframework.web.filter.ServletRequestPathFilter.doFilter(ServletRequestPathFilter.java:52)
	at org.springframework.web.filter.CompositeFilter$VirtualFilterChain.doFilter(CompositeFilter.java:113)
	at org.springframework.web.filter.CompositeFilter.doFilter(CompositeFilter.java:74)
	at org.springframework.security.config.annotation.web.configuration.WebSecurityConfiguration$CompositeFilterChainProxy.doFilter(WebSecurityConfiguration.java:317)
	at org.springframework.web.filter.DelegatingFilterProxy.invokeDelegate(DelegatingFilterProxy.java:355)
	at org.springframework.web.filter.DelegatingFilterProxy.doFilter(DelegatingFilterProxy.java:272)
	at org.apache.catalina.core.ApplicationFilterChain.doFilter(ApplicationFilterChain.java:107)
	at org.springframework.web.filter.RequestContextFilter.doFilterInternal(RequestContextFilter.java:100)
	at org.springframework.web.filter.OncePerRequestFilter.doFilter(OncePerRequestFilter.java:116)
	at org.apache.catalina.core.ApplicationFilterChain.doFilter(ApplicationFilterChain.java:107)
	at org.springframework.web.filter.FormContentFilter.doFilterInternal(FormContentFilter.java:93)
	at org.springframework.web.filter.OncePerRequestFilter.doFilter(OncePerRequestFilter.java:116)
	at org.apache.catalina.core.ApplicationFilterChain.doFilter(ApplicationFilterChain.java:107)
	at org.springframework.web.filter.CharacterEncodingFilter.doFilterInternal(CharacterEncodingFilter.java:199)
	at org.springframework.web.filter.OncePerRequestFilter.doFilter(OncePerRequestFilter.java:116)
	at org.apache.catalina.core.ApplicationFilterChain.doFilter(ApplicationFilterChain.java:107)
	at org.apache.catalina.core.StandardWrapperValve.invoke(StandardWrapperValve.java:165)
	at org.apache.catalina.core.StandardContextValve.invoke(StandardContextValve.java:77)
	at org.apache.catalina.authenticator.AuthenticatorBase.invoke(AuthenticatorBase.java:492)
	at org.apache.catalina.core.StandardHostValve.invoke(StandardHostValve.java:113)
	at org.apache.catalina.valves.ErrorReportValve.invoke(ErrorReportValve.java:83)
	at org.apache.catalina.core.StandardEngineValve.invoke(StandardEngineValve.java:72)
	at org.apache.catalina.connector.CoyoteAdapter.service(CoyoteAdapter.java:341)
	at org.apache.coyote.http11.Http11Processor.service(Http11Processor.java:397)
	at org.apache.coyote.AbstractProcessorLight.process(AbstractProcessorLight.java:63)
	at org.apache.coyote.AbstractProtocol$ConnectionHandler.process(AbstractProtocol.java:1272)
	at org.apache.tomcat.util.net.NioEndpoint$SocketProcessor.doRun(NioEndpoint.java:1801)
	at org.apache.tomcat.util.net.SocketProcessorBase.run(SocketProcessorBase.java:52)
	at org.apache.tomcat.util.threads.ThreadPoolExecutor.runWorker(ThreadPoolExecutor.java:946)
	at org.apache.tomcat.util.threads.ThreadPoolExecutor$Worker.run(ThreadPoolExecutor.java:480)
	at org.apache.tomcat.util.threads.TaskThread$WrappingRunnable.run(TaskThread.java:57)
	at java.base/java.lang.Thread.run(Thread.java:1447)
2026-07-24 21:48:27 [http-nio-8080-exec-2] WARN  c.p.h.common.GlobalExceptionHandler - Request body parse error: JSON parse error: Unexpected character ('\' (code 92)): was expecting double-quote to start property name
2026-07-24 21:48:53 [http-nio-8080-exec-4] DEBUG org.hibernate.SQL - 
    select
        g1_0.id,
        g1_0.created_at,
        g1_0.date_of_birth,
        g1_0.email,
        g1_0.first_name,
        g1_0.gender,
        g1_0.id_number,
        g1_0.id_type,
        g1_0.last_name,
        g1_0.nationality,
        g1_0.notes,
        g1_0.password,
        g1_0.phone 
    from
        guests g1_0 
    where
        g1_0.email=?
2026-07-24 21:48:53 [http-nio-8080-exec-4] DEBUG org.hibernate.SQL - 
    insert 
    into
        guests
        (created_at, date_of_birth, email, first_name, gender, id_number, id_type, last_name, nationality, notes, password, phone) 
    values
        (?, ?, ?, ?, ?, ?, ?, ?, ?, ?, ?, ?)
2026-07-24 21:49:14 [http-nio-8080-exec-6] DEBUG org.hibernate.SQL - 
    select
        g1_0.id,
        g1_0.created_at,
        g1_0.date_of_birth,
        g1_0.email,
        g1_0.first_name,
        g1_0.gender,
        g1_0.id_number,
        g1_0.id_type,
        g1_0.last_name,
        g1_0.nationality,
        g1_0.notes,
        g1_0.password,
        g1_0.phone 
    from
        guests g1_0 
    where
        g1_0.email=?
2026-07-24 21:50:21 [http-nio-8080-exec-8] DEBUG org.hibernate.SQL - 
    select
        h1_0.id,
        h1_0.address,
        h1_0.created_at,
        h1_0.description,
        h1_0.email,
        h1_0.name,
        h1_0.phone 
    from
        hotels h1_0
2026-07-24 21:50:35 [http-nio-8080-exec-9] DEBUG org.hibernate.SQL - 
    select
        h1_0.id,
        h1_0.address,
        h1_0.created_at,
        h1_0.description,
        h1_0.email,
        h1_0.name,
        h1_0.phone 
    from
        hotels h1_0
2026-07-24 21:51:01 [http-nio-8080-exec-10] DEBUG org.hibernate.SQL - 
    select
        g1_0.id,
        g1_0.created_at,
        g1_0.date_of_birth,
        g1_0.email,
        g1_0.first_name,
        g1_0.gender,
        g1_0.id_number,
        g1_0.id_type,
        g1_0.last_name,
        g1_0.nationality,
        g1_0.notes,
        g1_0.password,
        g1_0.phone 
    from
        guests g1_0 
    where
        g1_0.email=?
2026-07-24 21:51:15 [http-nio-8080-exec-1] DEBUG org.hibernate.SQL - 
    select
        g1_0.id,
        g1_0.created_at,
        g1_0.date_of_birth,
        g1_0.email,
        g1_0.first_name,
        g1_0.gender,
        g1_0.id_number,
        g1_0.id_type,
        g1_0.last_name,
        g1_0.nationality,
        g1_0.notes,
        g1_0.password,
        g1_0.phone 
    from
        guests g1_0 
    where
        g1_0.email=?
2026-07-24 21:51:40 [http-nio-8080-exec-3] DEBUG org.hibernate.SQL - 
    select
        g1_0.id,
        g1_0.created_at,
        g1_0.date_of_birth,
        g1_0.email,
        g1_0.first_name,
        g1_0.gender,
        g1_0.id_number,
        g1_0.id_type,
        g1_0.last_name,
        g1_0.nationality,
        g1_0.notes,
        g1_0.password,
        g1_0.phone 
    from
        guests g1_0 
    where
        g1_0.email=?
2026-07-24 21:52:17 [http-nio-8080-exec-2] DEBUG org.hibernate.SQL - 
    select
        g1_0.id,
        g1_0.created_at,
        g1_0.date_of_birth,
        g1_0.email,
        g1_0.first_name,
        g1_0.gender,
        g1_0.id_number,
        g1_0.id_type,
        g1_0.last_name,
        g1_0.nationality,
        g1_0.notes,
        g1_0.password,
        g1_0.phone 
    from
        guests g1_0 
    where
        g1_0.email=?
2026-07-24 21:52:17 [http-nio-8080-exec-2] DEBUG org.hibernate.SQL - 
    insert 
    into
        guests
        (created_at, date_of_birth, email, first_name, gender, id_number, id_type, last_name, nationality, notes, password, phone) 
    values
        (?, ?, ?, ?, ?, ?, ?, ?, ?, ?, ?, ?)
2026-07-24 21:52:23 [http-nio-8080-exec-4] DEBUG org.hibernate.SQL - 
    select
        g1_0.id,
        g1_0.created_at,
        g1_0.date_of_birth,
        g1_0.email,
        g1_0.first_name,
        g1_0.gender,
        g1_0.id_number,
        g1_0.id_type,
        g1_0.last_name,
        g1_0.nationality,
        g1_0.notes,
        g1_0.password,
        g1_0.phone 
    from
        guests g1_0 
    where
        g1_0.email=?
2026-07-24 21:52:26 [http-nio-8080-exec-5] DEBUG org.hibernate.SQL - 
    select
        g1_0.id,
        g1_0.created_at,
        g1_0.date_of_birth,
        g1_0.email,
        g1_0.first_name,
        g1_0.gender,
        g1_0.id_number,
        g1_0.id_type,
        g1_0.last_name,
        g1_0.nationality,
        g1_0.notes,
        g1_0.password,
        g1_0.phone 
    from
        guests g1_0 
    where
        g1_0.email=?
2026-07-24 21:52:26 [http-nio-8080-exec-6] DEBUG org.hibernate.SQL - 
    select
        h1_0.id,
        h1_0.address,
        h1_0.created_at,
        h1_0.description,
        h1_0.email,
        h1_0.name,
        h1_0.phone 
    from
        hotels h1_0
2026-07-24 21:52:41 [http-nio-8080-exec-7] DEBUG org.hibernate.SQL - 
    select
        h1_0.id,
        h1_0.address,
        h1_0.created_at,
        h1_0.description,
        h1_0.email,
        h1_0.name,
        h1_0.phone 
    from
        hotels h1_0
2026-07-24 21:52:51 [http-nio-8080-exec-8] DEBUG org.hibernate.SQL - 
    select
        g1_0.id,
        g1_0.created_at,
        g1_0.date_of_birth,
        g1_0.email,
        g1_0.first_name,
        g1_0.gender,
        g1_0.id_number,
        g1_0.id_type,
        g1_0.last_name,
        g1_0.nationality,
        g1_0.notes,
        g1_0.password,
        g1_0.phone 
    from
        guests g1_0 
    where
        g1_0.email=?
2026-07-24 21:52:51 [http-nio-8080-exec-9] DEBUG org.hibernate.SQL - 
    select
        h1_0.id,
        h1_0.address,
        h1_0.created_at,
        h1_0.description,
        h1_0.email,
        h1_0.name,
        h1_0.phone 
    from
        hotels h1_0
2026-07-24 21:52:59 [http-nio-8080-exec-10] DEBUG org.hibernate.SQL - 
    select
        h1_0.id,
        h1_0.address,
        h1_0.created_at,
        h1_0.description,
        h1_0.email,
        h1_0.name,
        h1_0.phone 
    from
        hotels h1_0
2026-07-24 21:53:18 [http-nio-8080-exec-3] DEBUG org.hibernate.SQL - 
    select
        r1_0.id,
        r1_0.booking_date,
        r1_0.channel,
        r1_0.check_in_date,
        r1_0.check_out_date,
        r1_0.employee_id,
        r1_0.guest_id,
        r1_0.special_requests,
        r1_0.status,
        r1_0.total_amount 
    from
        reservations r1_0 
    where
        r1_0.guest_id=?
2026-07-24 21:53:19 [http-nio-8080-exec-2] DEBUG org.hibernate.SQL - 
    select
        h1_0.id,
        h1_0.address,
        h1_0.created_at,
        h1_0.description,
        h1_0.email,
        h1_0.name,
        h1_0.phone 
    from
        hotels h1_0
2026-07-24 21:53:34 [http-nio-8080-exec-4] DEBUG org.hibernate.SQL - 
    select
        h1_0.id,
        h1_0.address,
        h1_0.created_at,
        h1_0.description,
        h1_0.email,
        h1_0.name,
        h1_0.phone 
    from
        hotels h1_0
2026-07-24 21:54:09 [http-nio-8080-exec-6] DEBUG org.hibernate.SQL - 
    select
        r1_0.id,
        r1_0.booking_date,
        r1_0.channel,
        r1_0.check_in_date,
        r1_0.check_out_date,
        r1_0.employee_id,
        r1_0.guest_id,
        r1_0.special_requests,
        r1_0.status,
        r1_0.total_amount 
    from
        reservations r1_0 
    where
        r1_0.guest_id=?
2026-07-24 21:54:10 [http-nio-8080-exec-7] DEBUG org.hibernate.SQL - 
    select
        h1_0.id,
        h1_0.address,
        h1_0.created_at,
        h1_0.description,
        h1_0.email,
        h1_0.name,
        h1_0.phone 
    from
        hotels h1_0
2026-07-24 21:54:11 [http-nio-8080-exec-8] DEBUG org.hibernate.SQL - 
    select
        h1_0.id,
        h1_0.address,
        h1_0.created_at,
        h1_0.description,
        h1_0.email,
        h1_0.name,
        h1_0.phone 
    from
        hotels h1_0
2026-07-24 21:54:12 [http-nio-8080-exec-9] DEBUG org.hibernate.SQL - 
    select
        h1_0.id,
        h1_0.address,
        h1_0.created_at,
        h1_0.description,
        h1_0.email,
        h1_0.name,
        h1_0.phone 
    from
        hotels h1_0
2026-07-24 21:54:12 [http-nio-8080-exec-10] DEBUG org.hibernate.SQL - 
    select
        r1_0.id,
        r1_0.booking_date,
        r1_0.channel,
        r1_0.check_in_date,
        r1_0.check_out_date,
        r1_0.employee_id,
        r1_0.guest_id,
        r1_0.special_requests,
        r1_0.status,
        r1_0.total_amount 
    from
        reservations r1_0 
    where
        r1_0.guest_id=?
2026-07-24 21:55:07 [http-nio-8080-exec-10] ERROR c.p.h.common.GlobalExceptionHandler - Unexpected error occurred
org.springframework.web.servlet.resource.NoResourceFoundException: No static resource @vite/client for request '/@vite/client'.
	at org.springframework.web.servlet.resource.ResourceHttpRequestHandler.handleRequest(ResourceHttpRequestHandler.java:527)
	at org.springframework.web.servlet.mvc.HttpRequestHandlerAdapter.handle(HttpRequestHandlerAdapter.java:50)
	at org.springframework.web.servlet.DispatcherServlet.doDispatch(DispatcherServlet.java:963)
	at org.springframework.web.servlet.DispatcherServlet.doService(DispatcherServlet.java:866)
	at org.springframework.web.servlet.FrameworkServlet.processRequest(FrameworkServlet.java:1000)
	at org.springframework.web.servlet.FrameworkServlet.doGet(FrameworkServlet.java:892)
	at jakarta.servlet.http.HttpServlet.service(HttpServlet.java:622)
	at org.springframework.web.servlet.FrameworkServlet.service(FrameworkServlet.java:874)
	at jakarta.servlet.http.HttpServlet.service(HttpServlet.java:710)
	at org.apache.catalina.core.ApplicationFilterChain.doFilter(ApplicationFilterChain.java:128)
	at org.apache.tomcat.websocket.server.WsFilter.doFilter(WsFilter.java:53)
	at org.apache.catalina.core.ApplicationFilterChain.doFilter(ApplicationFilterChain.java:107)
	at org.springframework.web.filter.CompositeFilter$VirtualFilterChain.doFilter(CompositeFilter.java:108)
	at org.springframework.security.web.FilterChainProxy.lambda$doFilterInternal$2(FilterChainProxy.java:235)
	at org.springframework.security.web.FilterChainProxy$VirtualFilterChain.doFilter(FilterChainProxy.java:376)
	at org.springframework.security.web.access.intercept.AuthorizationFilter.doFilter(AuthorizationFilter.java:101)
	at org.springframework.security.web.FilterChainProxy$VirtualFilterChain.doFilter(FilterChainProxy.java:385)
	at org.springframework.security.web.access.ExceptionTranslationFilter.doFilter(ExceptionTranslationFilter.java:126)
	at org.springframework.security.web.access.ExceptionTranslationFilter.doFilter(ExceptionTranslationFilter.java:120)
	at org.springframework.security.web.FilterChainProxy$VirtualFilterChain.doFilter(FilterChainProxy.java:385)
	at org.springframework.security.web.session.SessionManagementFilter.doFilter(SessionManagementFilter.java:132)
	at org.springframework.security.web.session.SessionManagementFilter.doFilter(SessionManagementFilter.java:86)
	at org.springframework.security.web.FilterChainProxy$VirtualFilterChain.doFilter(FilterChainProxy.java:385)
	at org.springframework.security.web.authentication.AnonymousAuthenticationFilter.doFilter(AnonymousAuthenticationFilter.java:100)
	at org.springframework.security.web.FilterChainProxy$VirtualFilterChain.doFilter(FilterChainProxy.java:385)
	at org.springframework.security.web.servletapi.SecurityContextHolderAwareRequestFilter.doFilter(SecurityContextHolderAwareRequestFilter.java:181)
	at org.springframework.security.web.FilterChainProxy$VirtualFilterChain.doFilter(FilterChainProxy.java:385)
	at org.springframework.security.web.savedrequest.RequestCacheAwareFilter.doFilter(RequestCacheAwareFilter.java:63)
	at org.springframework.security.web.FilterChainProxy$VirtualFilterChain.doFilter(FilterChainProxy.java:385)
	at org.springframework.security.web.authentication.logout.LogoutFilter.doFilter(LogoutFilter.java:110)
	at org.springframework.security.web.authentication.logout.LogoutFilter.doFilter(LogoutFilter.java:96)
	at org.springframework.security.web.FilterChainProxy$VirtualFilterChain.doFilter(FilterChainProxy.java:385)
	at org.springframework.web.filter.CorsFilter.doFilterInternal(CorsFilter.java:91)
	at org.springframework.web.filter.OncePerRequestFilter.doFilter(OncePerRequestFilter.java:116)
	at org.springframework.security.web.FilterChainProxy$VirtualFilterChain.doFilter(FilterChainProxy.java:385)
	at org.springframework.security.web.header.HeaderWriterFilter.doHeadersAfter(HeaderWriterFilter.java:90)
	at org.springframework.security.web.header.HeaderWriterFilter.doFilterInternal(HeaderWriterFilter.java:75)
	at org.springframework.web.filter.OncePerRequestFilter.doFilter(OncePerRequestFilter.java:116)
	at org.springframework.security.web.FilterChainProxy$VirtualFilterChain.doFilter(FilterChainProxy.java:385)
	at org.springframework.security.web.context.SecurityContextHolderFilter.doFilter(SecurityContextHolderFilter.java:82)
	at org.springframework.security.web.context.SecurityContextHolderFilter.doFilter(SecurityContextHolderFilter.java:69)
	at org.springframework.security.web.FilterChainProxy$VirtualFilterChain.doFilter(FilterChainProxy.java:385)
	at org.springframework.security.web.context.request.async.WebAsyncManagerIntegrationFilter.doFilterInternal(WebAsyncManagerIntegrationFilter.java:62)
	at org.springframework.web.filter.OncePerRequestFilter.doFilter(OncePerRequestFilter.java:116)
	at org.springframework.security.web.FilterChainProxy$VirtualFilterChain.doFilter(FilterChainProxy.java:385)
	at org.springframework.security.web.session.DisableEncodeUrlFilter.doFilterInternal(DisableEncodeUrlFilter.java:42)
	at org.springframework.web.filter.OncePerRequestFilter.doFilter(OncePerRequestFilter.java:116)
	at org.springframework.security.web.FilterChainProxy$VirtualFilterChain.doFilter(FilterChainProxy.java:385)
	at org.springframework.security.web.FilterChainProxy.doFilterInternal(FilterChainProxy.java:237)
	at org.springframework.security.web.FilterChainProxy.doFilter(FilterChainProxy.java:195)
	at org.springframework.web.filter.CompositeFilter$VirtualFilterChain.doFilter(CompositeFilter.java:113)
	at org.springframework.web.filter.ServletRequestPathFilter.doFilter(ServletRequestPathFilter.java:52)
	at org.springframework.web.filter.CompositeFilter$VirtualFilterChain.doFilter(CompositeFilter.java:113)
	at org.springframework.web.filter.CompositeFilter.doFilter(CompositeFilter.java:74)
	at org.springframework.security.config.annotation.web.configuration.WebSecurityConfiguration$CompositeFilterChainProxy.doFilter(WebSecurityConfiguration.java:317)
	at org.springframework.web.filter.DelegatingFilterProxy.invokeDelegate(DelegatingFilterProxy.java:355)
	at org.springframework.web.filter.DelegatingFilterProxy.doFilter(DelegatingFilterProxy.java:272)
	at org.apache.catalina.core.ApplicationFilterChain.doFilter(ApplicationFilterChain.java:107)
	at org.springframework.web.filter.RequestContextFilter.doFilterInternal(RequestContextFilter.java:100)
	at org.springframework.web.filter.OncePerRequestFilter.doFilter(OncePerRequestFilter.java:116)
	at org.apache.catalina.core.ApplicationFilterChain.doFilter(ApplicationFilterChain.java:107)
	at org.springframework.web.filter.FormContentFilter.doFilterInternal(FormContentFilter.java:93)
	at org.springframework.web.filter.OncePerRequestFilter.doFilter(OncePerRequestFilter.java:116)
	at org.apache.catalina.core.ApplicationFilterChain.doFilter(ApplicationFilterChain.java:107)
	at org.springframework.web.filter.CharacterEncodingFilter.doFilterInternal(CharacterEncodingFilter.java:199)
	at org.springframework.web.filter.OncePerRequestFilter.doFilter(OncePerRequestFilter.java:116)
	at org.apache.catalina.core.ApplicationFilterChain.doFilter(ApplicationFilterChain.java:107)
	at org.apache.catalina.core.StandardWrapperValve.invoke(StandardWrapperValve.java:165)
	at org.apache.catalina.core.StandardContextValve.invoke(StandardContextValve.java:77)
	at org.apache.catalina.authenticator.AuthenticatorBase.invoke(AuthenticatorBase.java:492)
	at org.apache.catalina.core.StandardHostValve.invoke(StandardHostValve.java:113)
	at org.apache.catalina.valves.ErrorReportValve.invoke(ErrorReportValve.java:83)
	at org.apache.catalina.core.StandardEngineValve.invoke(StandardEngineValve.java:72)
	at org.apache.catalina.connector.CoyoteAdapter.service(CoyoteAdapter.java:341)
	at org.apache.coyote.http11.Http11Processor.service(Http11Processor.java:397)
	at org.apache.coyote.AbstractProcessorLight.process(AbstractProcessorLight.java:63)
	at org.apache.coyote.AbstractProtocol$ConnectionHandler.process(AbstractProtocol.java:1272)
	at org.apache.tomcat.util.net.NioEndpoint$SocketProcessor.doRun(NioEndpoint.java:1801)
	at org.apache.tomcat.util.net.SocketProcessorBase.run(SocketProcessorBase.java:52)
	at org.apache.tomcat.util.threads.ThreadPoolExecutor.runWorker(ThreadPoolExecutor.java:946)
	at org.apache.tomcat.util.threads.ThreadPoolExecutor$Worker.run(ThreadPoolExecutor.java:480)
	at org.apache.tomcat.util.threads.TaskThread$WrappingRunnable.run(TaskThread.java:57)
	at java.base/java.lang.Thread.run(Thread.java:1447)
2026-07-24 21:55:08 [http-nio-8080-exec-1] INFO  o.s.api.AbstractOpenApiResource - Init duration for springdoc-openapi is: 1210 ms
2026-07-24 21:55:13 [http-nio-8080-exec-3] DEBUG org.hibernate.SQL - 
    select
        h1_0.id,
        h1_0.address,
        h1_0.created_at,
        h1_0.description,
        h1_0.email,
        h1_0.name,
        h1_0.phone 
    from
        hotels h1_0
2026-07-24 21:55:13 [http-nio-8080-exec-2] ERROR c.p.h.common.GlobalExceptionHandler - Unexpected error occurred
org.springframework.web.servlet.resource.NoResourceFoundException: No static resource @vite/client for request '/@vite/client'.
	at org.springframework.web.servlet.resource.ResourceHttpRequestHandler.handleRequest(ResourceHttpRequestHandler.java:527)
	at org.springframework.web.servlet.mvc.HttpRequestHandlerAdapter.handle(HttpRequestHandlerAdapter.java:50)
	at org.springframework.web.servlet.DispatcherServlet.doDispatch(DispatcherServlet.java:963)
	at org.springframework.web.servlet.DispatcherServlet.doService(DispatcherServlet.java:866)
	at org.springframework.web.servlet.FrameworkServlet.processRequest(FrameworkServlet.java:1000)
	at org.springframework.web.servlet.FrameworkServlet.doGet(FrameworkServlet.java:892)
	at jakarta.servlet.http.HttpServlet.service(HttpServlet.java:622)
	at org.springframework.web.servlet.FrameworkServlet.service(FrameworkServlet.java:874)
	at jakarta.servlet.http.HttpServlet.service(HttpServlet.java:710)
	at org.apache.catalina.core.ApplicationFilterChain.doFilter(ApplicationFilterChain.java:128)
	at org.apache.tomcat.websocket.server.WsFilter.doFilter(WsFilter.java:53)
	at org.apache.catalina.core.ApplicationFilterChain.doFilter(ApplicationFilterChain.java:107)
	at org.springframework.web.filter.CompositeFilter$VirtualFilterChain.doFilter(CompositeFilter.java:108)
	at org.springframework.security.web.FilterChainProxy.lambda$doFilterInternal$2(FilterChainProxy.java:235)
	at org.springframework.security.web.FilterChainProxy$VirtualFilterChain.doFilter(FilterChainProxy.java:376)
	at org.springframework.security.web.access.intercept.AuthorizationFilter.doFilter(AuthorizationFilter.java:101)
	at org.springframework.security.web.FilterChainProxy$VirtualFilterChain.doFilter(FilterChainProxy.java:385)
	at org.springframework.security.web.access.ExceptionTranslationFilter.doFilter(ExceptionTranslationFilter.java:126)
	at org.springframework.security.web.access.ExceptionTranslationFilter.doFilter(ExceptionTranslationFilter.java:120)
	at org.springframework.security.web.FilterChainProxy$VirtualFilterChain.doFilter(FilterChainProxy.java:385)
	at org.springframework.security.web.session.SessionManagementFilter.doFilter(SessionManagementFilter.java:132)
	at org.springframework.security.web.session.SessionManagementFilter.doFilter(SessionManagementFilter.java:86)
	at org.springframework.security.web.FilterChainProxy$VirtualFilterChain.doFilter(FilterChainProxy.java:385)
	at org.springframework.security.web.authentication.AnonymousAuthenticationFilter.doFilter(AnonymousAuthenticationFilter.java:100)
	at org.springframework.security.web.FilterChainProxy$VirtualFilterChain.doFilter(FilterChainProxy.java:385)
	at org.springframework.security.web.servletapi.SecurityContextHolderAwareRequestFilter.doFilter(SecurityContextHolderAwareRequestFilter.java:181)
	at org.springframework.security.web.FilterChainProxy$VirtualFilterChain.doFilter(FilterChainProxy.java:385)
	at org.springframework.security.web.savedrequest.RequestCacheAwareFilter.doFilter(RequestCacheAwareFilter.java:63)
	at org.springframework.security.web.FilterChainProxy$VirtualFilterChain.doFilter(FilterChainProxy.java:385)
	at org.springframework.security.web.authentication.logout.LogoutFilter.doFilter(LogoutFilter.java:110)
	at org.springframework.security.web.authentication.logout.LogoutFilter.doFilter(LogoutFilter.java:96)
	at org.springframework.security.web.FilterChainProxy$VirtualFilterChain.doFilter(FilterChainProxy.java:385)
	at org.springframework.web.filter.CorsFilter.doFilterInternal(CorsFilter.java:91)
	at org.springframework.web.filter.OncePerRequestFilter.doFilter(OncePerRequestFilter.java:116)
	at org.springframework.security.web.FilterChainProxy$VirtualFilterChain.doFilter(FilterChainProxy.java:385)
	at org.springframework.security.web.header.HeaderWriterFilter.doHeadersAfter(HeaderWriterFilter.java:90)
	at org.springframework.security.web.header.HeaderWriterFilter.doFilterInternal(HeaderWriterFilter.java:75)
	at org.springframework.web.filter.OncePerRequestFilter.doFilter(OncePerRequestFilter.java:116)
	at org.springframework.security.web.FilterChainProxy$VirtualFilterChain.doFilter(FilterChainProxy.java:385)
	at org.springframework.security.web.context.SecurityContextHolderFilter.doFilter(SecurityContextHolderFilter.java:82)
	at org.springframework.security.web.context.SecurityContextHolderFilter.doFilter(SecurityContextHolderFilter.java:69)
	at org.springframework.security.web.FilterChainProxy$VirtualFilterChain.doFilter(FilterChainProxy.java:385)
	at org.springframework.security.web.context.request.async.WebAsyncManagerIntegrationFilter.doFilterInternal(WebAsyncManagerIntegrationFilter.java:62)
	at org.springframework.web.filter.OncePerRequestFilter.doFilter(OncePerRequestFilter.java:116)
	at org.springframework.security.web.FilterChainProxy$VirtualFilterChain.doFilter(FilterChainProxy.java:385)
	at org.springframework.security.web.session.DisableEncodeUrlFilter.doFilterInternal(DisableEncodeUrlFilter.java:42)
	at org.springframework.web.filter.OncePerRequestFilter.doFilter(OncePerRequestFilter.java:116)
	at org.springframework.security.web.FilterChainProxy$VirtualFilterChain.doFilter(FilterChainProxy.java:385)
	at org.springframework.security.web.FilterChainProxy.doFilterInternal(FilterChainProxy.java:237)
	at org.springframework.security.web.FilterChainProxy.doFilter(FilterChainProxy.java:195)
	at org.springframework.web.filter.CompositeFilter$VirtualFilterChain.doFilter(CompositeFilter.java:113)
	at org.springframework.web.filter.ServletRequestPathFilter.doFilter(ServletRequestPathFilter.java:52)
	at org.springframework.web.filter.CompositeFilter$VirtualFilterChain.doFilter(CompositeFilter.java:113)
	at org.springframework.web.filter.CompositeFilter.doFilter(CompositeFilter.java:74)
	at org.springframework.security.config.annotation.web.configuration.WebSecurityConfiguration$CompositeFilterChainProxy.doFilter(WebSecurityConfiguration.java:317)
	at org.springframework.web.filter.DelegatingFilterProxy.invokeDelegate(DelegatingFilterProxy.java:355)
	at org.springframework.web.filter.DelegatingFilterProxy.doFilter(DelegatingFilterProxy.java:272)
	at org.apache.catalina.core.ApplicationFilterChain.doFilter(ApplicationFilterChain.java:107)
	at org.springframework.web.filter.RequestContextFilter.doFilterInternal(RequestContextFilter.java:100)
	at org.springframework.web.filter.OncePerRequestFilter.doFilter(OncePerRequestFilter.java:116)
	at org.apache.catalina.core.ApplicationFilterChain.doFilter(ApplicationFilterChain.java:107)
	at org.springframework.web.filter.FormContentFilter.doFilterInternal(FormContentFilter.java:93)
	at org.springframework.web.filter.OncePerRequestFilter.doFilter(OncePerRequestFilter.java:116)
	at org.apache.catalina.core.ApplicationFilterChain.doFilter(ApplicationFilterChain.java:107)
	at org.springframework.web.filter.CharacterEncodingFilter.doFilterInternal(CharacterEncodingFilter.java:199)
	at org.springframework.web.filter.OncePerRequestFilter.doFilter(OncePerRequestFilter.java:116)
	at org.apache.catalina.core.ApplicationFilterChain.doFilter(ApplicationFilterChain.java:107)
	at org.apache.catalina.core.StandardWrapperValve.invoke(StandardWrapperValve.java:165)
	at org.apache.catalina.core.StandardContextValve.invoke(StandardContextValve.java:77)
	at org.apache.catalina.authenticator.AuthenticatorBase.invoke(AuthenticatorBase.java:492)
	at org.apache.catalina.core.StandardHostValve.invoke(StandardHostValve.java:113)
	at org.apache.catalina.valves.ErrorReportValve.invoke(ErrorReportValve.java:83)
	at org.apache.catalina.core.StandardEngineValve.invoke(StandardEngineValve.java:72)
	at org.apache.catalina.connector.CoyoteAdapter.service(CoyoteAdapter.java:341)
	at org.apache.coyote.http11.Http11Processor.service(Http11Processor.java:397)
	at org.apache.coyote.AbstractProcessorLight.process(AbstractProcessorLight.java:63)
	at org.apache.coyote.AbstractProtocol$ConnectionHandler.process(AbstractProtocol.java:1272)
	at org.apache.tomcat.util.net.NioEndpoint$SocketProcessor.doRun(NioEndpoint.java:1801)
	at org.apache.tomcat.util.net.SocketProcessorBase.run(SocketProcessorBase.java:52)
	at org.apache.tomcat.util.threads.ThreadPoolExecutor.runWorker(ThreadPoolExecutor.java:946)
	at org.apache.tomcat.util.threads.ThreadPoolExecutor$Worker.run(ThreadPoolExecutor.java:480)
	at org.apache.tomcat.util.threads.TaskThread$WrappingRunnable.run(TaskThread.java:57)
	at java.base/java.lang.Thread.run(Thread.java:1447)
2026-07-24 22:12:34 [http-nio-8080-exec-6] DEBUG org.hibernate.SQL - 
    select
        g1_0.id,
        g1_0.created_at,
        g1_0.date_of_birth,
        g1_0.email,
        g1_0.first_name,
        g1_0.gender,
        g1_0.id_number,
        g1_0.id_type,
        g1_0.last_name,
        g1_0.nationality,
        g1_0.notes,
        g1_0.password,
        g1_0.phone 
    from
        guests g1_0
2026-07-24 22:12:43 [http-nio-8080-exec-9] DEBUG org.hibernate.SQL - 
    select
        g1_0.id,
        g1_0.created_at,
        g1_0.date_of_birth,
        g1_0.email,
        g1_0.first_name,
        g1_0.gender,
        g1_0.id_number,
        g1_0.id_type,
        g1_0.last_name,
        g1_0.nationality,
        g1_0.notes,
        g1_0.password,
        g1_0.phone 
    from
        guests g1_0 
    where
        g1_0.email=?
2026-07-24 22:12:50 [http-nio-8080-exec-1] DEBUG org.hibernate.SQL - 
    select
        h1_0.id,
        h1_0.address,
        h1_0.created_at,
        h1_0.description,
        h1_0.email,
        h1_0.name,
        h1_0.phone 
    from
        hotels h1_0
2026-07-24 22:14:00 [http-nio-8080-exec-3] DEBUG org.hibernate.SQL - 
    select
        h1_0.id,
        h1_0.address,
        h1_0.created_at,
        h1_0.description,
        h1_0.email,
        h1_0.name,
        h1_0.phone 
    from
        hotels h1_0
2026-07-24 22:15:06 [http-nio-8080-exec-2] DEBUG org.hibernate.SQL - 
    select
        g1_0.id,
        g1_0.created_at,
        g1_0.date_of_birth,
        g1_0.email,
        g1_0.first_name,
        g1_0.gender,
        g1_0.id_number,
        g1_0.id_type,
        g1_0.last_name,
        g1_0.nationality,
        g1_0.notes,
        g1_0.password,
        g1_0.phone 
    from
        guests g1_0 
    where
        g1_0.email=?
2026-07-24 22:15:06 [http-nio-8080-exec-2] DEBUG org.hibernate.SQL - 
    insert 
    into
        guests
        (created_at, date_of_birth, email, first_name, gender, id_number, id_type, last_name, nationality, notes, password, phone) 
    values
        (?, ?, ?, ?, ?, ?, ?, ?, ?, ?, ?, ?)
2026-07-24 22:15:22 [http-nio-8080-exec-4] DEBUG org.hibernate.SQL - 
    select
        g1_0.id,
        g1_0.created_at,
        g1_0.date_of_birth,
        g1_0.email,
        g1_0.first_name,
        g1_0.gender,
        g1_0.id_number,
        g1_0.id_type,
        g1_0.last_name,
        g1_0.nationality,
        g1_0.notes,
        g1_0.password,
        g1_0.phone 
    from
        guests g1_0 
    where
        g1_0.email=?
2026-07-24 22:15:22 [http-nio-8080-exec-5] DEBUG org.hibernate.SQL - 
    select
        h1_0.id,
        h1_0.address,
        h1_0.created_at,
        h1_0.description,
        h1_0.email,
        h1_0.name,
        h1_0.phone 
    from
        hotels h1_0
2026-07-24 22:25:43 [http-nio-8080-exec-7] DEBUG org.hibernate.SQL - 
    select
        g1_0.id,
        g1_0.created_at,
        g1_0.date_of_birth,
        g1_0.email,
        g1_0.first_name,
        g1_0.gender,
        g1_0.id_number,
        g1_0.id_type,
        g1_0.last_name,
        g1_0.nationality,
        g1_0.notes,
        g1_0.password,
        g1_0.phone 
    from
        guests g1_0 
    where
        g1_0.email=?
2026-07-24 22:25:43 [http-nio-8080-exec-7] DEBUG org.hibernate.SQL - 
    insert 
    into
        guests
        (created_at, date_of_birth, email, first_name, gender, id_number, id_type, last_name, nationality, notes, password, phone) 
    values
        (?, ?, ?, ?, ?, ?, ?, ?, ?, ?, ?, ?)
2026-07-24 22:25:55 [http-nio-8080-exec-8] DEBUG org.hibernate.SQL - 
    select
        g1_0.id,
        g1_0.created_at,
        g1_0.date_of_birth,
        g1_0.email,
        g1_0.first_name,
        g1_0.gender,
        g1_0.id_number,
        g1_0.id_type,
        g1_0.last_name,
        g1_0.nationality,
        g1_0.notes,
        g1_0.password,
        g1_0.phone 
    from
        guests g1_0 
    where
        g1_0.email=?
2026-07-24 22:25:55 [http-nio-8080-exec-8] DEBUG org.hibernate.SQL - 
    insert 
    into
        guests
        (created_at, date_of_birth, email, first_name, gender, id_number, id_type, last_name, nationality, notes, password, phone) 
    values
        (?, ?, ?, ?, ?, ?, ?, ?, ?, ?, ?, ?)
2026-07-24 22:26:24 [http-nio-8080-exec-10] DEBUG org.hibernate.SQL - 
    select
        g1_0.id,
        g1_0.created_at,
        g1_0.date_of_birth,
        g1_0.email,
        g1_0.first_name,
        g1_0.gender,
        g1_0.id_number,
        g1_0.id_type,
        g1_0.last_name,
        g1_0.nationality,
        g1_0.notes,
        g1_0.password,
        g1_0.phone 
    from
        guests g1_0 
    where
        g1_0.email=?
2026-07-24 22:26:24 [http-nio-8080-exec-10] DEBUG org.hibernate.SQL - 
    insert 
    into
        guests
        (created_at, date_of_birth, email, first_name, gender, id_number, id_type, last_name, nationality, notes, password, phone) 
    values
        (?, ?, ?, ?, ?, ?, ?, ?, ?, ?, ?, ?)
2026-07-24 22:26:35 [http-nio-8080-exec-3] DEBUG org.hibernate.SQL - 
    select
        g1_0.id,
        g1_0.created_at,
        g1_0.date_of_birth,
        g1_0.email,
        g1_0.first_name,
        g1_0.gender,
        g1_0.id_number,
        g1_0.id_type,
        g1_0.last_name,
        g1_0.nationality,
        g1_0.notes,
        g1_0.password,
        g1_0.phone 
    from
        guests g1_0 
    where
        g1_0.email=?
2026-07-24 22:27:16 [main] INFO  c.p.h.HotelManagementSystemApplication - Starting HotelManagementSystemApplication using Java 24.0.1 with PID 47212 (C:\Users\11837\IdeaProjects\HotelManagementSystem\target\classes started by 11837 in C:\Users\11837\IdeaProjects\HotelManagementSystem)
2026-07-24 22:27:16 [main] DEBUG c.p.h.HotelManagementSystemApplication - Running with Spring Boot v4.1.0, Spring v7.0.8
2026-07-24 22:27:16 [main] INFO  c.p.h.HotelManagementSystemApplication - No active profile set, falling back to 1 default profile: "default"
2026-07-24 22:27:17 [main] INFO  o.s.d.r.c.RepositoryConfigurationDelegate - Bootstrapping Spring Data JPA repositories in DEFAULT mode.
2026-07-24 22:27:17 [main] INFO  o.s.d.r.c.RepositoryConfigurationDelegate - Finished Spring Data repository scanning in 98 ms. Found 17 JPA repository interfaces.
2026-07-24 22:27:18 [main] INFO  o.s.boot.tomcat.TomcatWebServer - Tomcat initialized with port 8080 (http)
2026-07-24 22:27:18 [main] INFO  o.a.catalina.core.StandardService - Starting service [Tomcat]
2026-07-24 22:27:18 [main] INFO  o.a.catalina.core.StandardEngine - Starting Servlet engine: [Apache Tomcat/11.0.22]
2026-07-24 22:27:18 [main] INFO  o.s.b.w.c.s.WebApplicationContextInitializer - Root WebApplicationContext: initialization completed in 1579 ms
2026-07-24 22:27:18 [main] INFO  org.hibernate.orm.jpa - HHH008540: Processing PersistenceUnitInfo [name: default]
2026-07-24 22:27:18 [main] INFO  org.hibernate.orm.core - HHH000001: Hibernate ORM core version 7.4.1.Final
2026-07-24 22:27:19 [main] INFO  o.s.o.j.p.SpringPersistenceUnitInfo - No LoadTimeWeaver setup: ignoring JPA class transformer
2026-07-24 22:27:19 [main] INFO  com.zaxxer.hikari.HikariDataSource - HikariPool-1 - Starting...
2026-07-24 22:27:19 [main] INFO  com.zaxxer.hikari.pool.HikariPool - HikariPool-1 - Added connection ConnectionID:1 ClientConnectionId: e0d54aea-988d-454e-8c40-7b7a6a64ec19
2026-07-24 22:27:19 [main] INFO  com.zaxxer.hikari.HikariDataSource - HikariPool-1 - Start completed.
2026-07-24 22:27:19 [main] WARN  org.hibernate.orm.deprecation - HHH90000025: SQLServerDialect does not need to be specified explicitly using 'hibernate.dialect' (remove the property setting and it will be selected by default)
2026-07-24 22:27:19 [main] INFO  o.hibernate.orm.connections.pooling - HHH10001005: Database info:
	Database JDBC URL [jdbc:sqlserver://localhost\SQLEXPRESS:11837;concatNullYieldsNull=ON;quotedIdentifier=ON;connectRetryInterval=10;connectRetryCount=1;maxResultBuffer=-1;sendTemporalDataTypesAsStringForBulkCopy=true;delayLoadingLobs=true;useFmtOnly=false;vectorTypeSupport=v1;cacheBulkCopyMetadata=false;bulkCopyForBatchInsertAllowEncryptedValueModifications=false;bulkCopyForBatchInsertTableLock=false;bulkCopyForBatchInsertKeepNulls=false;bulkCopyForBatchInsertKeepIdentity=false;bulkCopyForBatchInsertFireTriggers=false;bulkCopyForBatchInsertCheckConstraints=false;bulkCopyForBatchInsertBatchSize=0;useBulkCopyForBatchInsert=false;cancelQueryTimeout=-1;sslProtocol=TLS;calcBigDecimalPrecision=false;useDefaultJaasConfig=false;jaasConfigurationName=SQLJDBCDriver;statementPoolingCacheSize=0;serverPreparedStatementDiscardThreshold=10;enablePrepareOnFirstPreparedStatementCall=false;fips=false;socketTimeout=0;authentication=NotSpecified;authenticationScheme=nativeAuthentication;xopenStates=false;datetimeParameterType=datetime2;sendTimeAsDatetime=true;replication=false;trustStoreType=JKS;trustServerCertificate=true;TransparentNetworkIPResolution=true;iPAddressPreference=IPv4First;serverNameAsACE=false;sendStringParametersAsUnicode=true;selectMethod=direct;responseBuffering=adaptive;queryTimeout=-1;packetSize=8000;multiSubnetFailover=false;loginTimeout=30;lockTimeout=-1;lastUpdateCount=true;useDefaultGSSCredential=false;prepareMethod=prepexec;encrypt=true;disableStatementPooling=true;databaseName=HotelManagementSystem;columnEncryptionSetting=Disabled;applicationName=Microsoft JDBC Driver for SQL Server;applicationIntent=readwrite;]
	Database driver: Microsoft JDBC Driver 13.4 for SQL Server
	Database dialect: SQLServerDialect
	Database version: 17.0
	Default catalog/schema: HotelManagementSystem/dbo
	Autocommit mode: undefined/unknown
	Isolation level: READ_COMMITTED [default READ_COMMITTED]
	JDBC fetch size: 128
	Pool: DataSourceConnectionProvider
	Minimum pool size: undefined/unknown
	Maximum pool size: undefined/unknown
2026-07-24 22:27:20 [main] INFO  org.hibernate.orm.core - HHH000489: No JTA platform available (set 'hibernate.transaction.jta.platform' to enable JTA platform integration)
2026-07-24 22:27:21 [main] DEBUG org.hibernate.SQL - 
    alter table check_ins 
       alter column notes VARCHAR(MAX)
2026-07-24 22:27:21 [main] DEBUG org.hibernate.SQL - 
    alter table guests 
       alter column notes VARCHAR(MAX)
2026-07-24 22:27:21 [main] DEBUG org.hibernate.SQL - 
    alter table hotels 
       alter column description VARCHAR(MAX)
2026-07-24 22:27:21 [main] DEBUG org.hibernate.SQL - 
    alter table reservations 
       alter column special_requests VARCHAR(MAX)
2026-07-24 22:27:21 [main] DEBUG org.hibernate.SQL - 
    alter table room_status_logs 
       alter column notes VARCHAR(MAX)
2026-07-24 22:27:21 [main] DEBUG org.hibernate.SQL - 
    alter table room_types 
       alter column description VARCHAR(MAX)
2026-07-24 22:27:21 [main] DEBUG org.hibernate.SQL - 
    alter table rooms 
       alter column notes VARCHAR(MAX)
2026-07-24 22:27:21 [main] INFO  o.s.o.j.LocalContainerEntityManagerFactoryBean - Initialized JPA EntityManagerFactory for persistence unit 'default'
2026-07-24 22:27:21 [main] INFO  o.s.d.j.r.q.QueryEnhancerFactories - Hibernate is in classpath; If applicable, HQL parser will be used.
2026-07-24 22:27:22 [main] WARN  o.s.b.s.a.UserDetailsServiceAutoConfiguration - 

Using generated security password: 51db44e8-3b7a-4371-9e84-7ecf0d143187

This generated password is for development use only. Your security configuration must be updated before running your application in production.

2026-07-24 22:27:22 [main] INFO  o.s.s.c.a.a.c.InitializeUserDetailsBeanManagerConfigurer$InitializeUserDetailsManagerConfigurer - Global AuthenticationManager configured with UserDetailsService bean with name inMemoryUserDetailsManager
2026-07-24 22:27:22 [main] INFO  o.s.boot.tomcat.TomcatWebServer - Tomcat started on port 8080 (http) with context path '/'
2026-07-24 22:27:22 [main] INFO  c.p.h.HotelManagementSystemApplication - Started HotelManagementSystemApplication in 6.252 seconds (process running for 6.795)
2026-07-24 22:27:22 [main] WARN  o.s.c.events.SpringDocAppInitializer - SpringDoc /api-docs endpoint is enabled by default. To disable it in production, set the property 'springdoc.api-docs.enabled=false'
2026-07-24 22:27:23 [http-nio-8080-exec-1] INFO  o.a.c.c.C.[Tomcat].[localhost].[/] - Initializing Spring DispatcherServlet 'dispatcherServlet'
2026-07-24 22:27:23 [http-nio-8080-exec-1] INFO  o.s.web.servlet.DispatcherServlet - Initializing Servlet 'dispatcherServlet'
2026-07-24 22:27:23 [http-nio-8080-exec-1] INFO  o.s.web.servlet.DispatcherServlet - Completed initialization in 2 ms
2026-07-24 22:27:23 [http-nio-8080-exec-1] DEBUG org.hibernate.SQL - 
    select
        g1_0.id,
        g1_0.created_at,
        g1_0.date_of_birth,
        g1_0.email,
        g1_0.first_name,
        g1_0.gender,
        g1_0.id_number,
        g1_0.id_type,
        g1_0.last_name,
        g1_0.nationality,
        g1_0.notes,
        g1_0.password,
        g1_0.phone 
    from
        guests g1_0
2026-07-24 22:27:35 [http-nio-8080-exec-3] DEBUG org.hibernate.SQL - 
    select
        g1_0.id,
        g1_0.created_at,
        g1_0.date_of_birth,
        g1_0.email,
        g1_0.first_name,
        g1_0.gender,
        g1_0.id_number,
        g1_0.id_type,
        g1_0.last_name,
        g1_0.nationality,
        g1_0.notes,
        g1_0.password,
        g1_0.phone 
    from
        guests g1_0 
    where
        g1_0.email=?
2026-07-24 22:27:54 [http-nio-8080-exec-5] DEBUG org.hibernate.SQL - 
    select
        g1_0.id,
        g1_0.created_at,
        g1_0.date_of_birth,
        g1_0.email,
        g1_0.first_name,
        g1_0.gender,
        g1_0.id_number,
        g1_0.id_type,
        g1_0.last_name,
        g1_0.nationality,
        g1_0.notes,
        g1_0.password,
        g1_0.phone 
    from
        guests g1_0 
    where
        g1_0.email=?
2026-07-24 22:27:54 [http-nio-8080-exec-5] DEBUG org.hibernate.SQL - 
    insert 
    into
        guests
        (created_at, date_of_birth, email, first_name, gender, id_number, id_type, last_name, nationality, notes, password, phone) 
    values
        (?, ?, ?, ?, ?, ?, ?, ?, ?, ?, ?, ?)
2026-07-24 22:27:54 [http-nio-8080-exec-5] WARN  org.hibernate.orm.jdbc.error - HHH000247: ErrorCode: 2628, SQLState: S0001
2026-07-24 22:27:54 [http-nio-8080-exec-5] WARN  org.hibernate.orm.jdbc.error - 字符串或二进制数据将在表“HotelManagementSystem.dbo.guests”，列“id_number”中被截断。截断值:“NKY2V0cNXCucQF7g1mA7KkAJHaxR1E57s8aUuqVkTnRQQdJDio”。
2026-07-24 22:27:54 [http-nio-8080-exec-5] ERROR c.p.h.common.GlobalExceptionHandler - Unexpected error occurred
org.springframework.dao.InvalidDataAccessResourceUsageException: could not execute statement [字符串或二进制数据将在表“HotelManagementSystem.dbo.guests”，列“id_number”中被截断。截断值:“NKY2V0cNXCucQF7g1mA7KkAJHaxR1E57s8aUuqVkTnRQQdJDio”。] [insert into guests (created_at,date_of_birth,email,first_name,gender,id_number,id_type,last_name,nationality,notes,password,phone) values (?,?,?,?,?,?,?,?,?,?,?,?)]; SQL [insert into guests (created_at,date_of_birth,email,first_name,gender,id_number,id_type,last_name,nationality,notes,password,phone) values (?,?,?,?,?,?,?,?,?,?,?,?)]
	at org.springframework.orm.jpa.hibernate.HibernateExceptionTranslator.convertHibernateAccessException(HibernateExceptionTranslator.java:156)
	at org.springframework.orm.jpa.hibernate.HibernateExceptionTranslator.convertHibernateAccessException(HibernateExceptionTranslator.java:131)
	at org.springframework.orm.jpa.hibernate.HibernateExceptionTranslator.translateExceptionIfPossible(HibernateExceptionTranslator.java:105)
	at org.springframework.orm.jpa.vendor.HibernateJpaDialect.translateExceptionIfPossible(HibernateJpaDialect.java:223)
	at org.springframework.orm.jpa.AbstractEntityManagerFactoryBean.translateExceptionIfPossible(AbstractEntityManagerFactoryBean.java:577)
	at org.springframework.dao.support.ChainedPersistenceExceptionTranslator.translateExceptionIfPossible(ChainedPersistenceExceptionTranslator.java:61)
	at org.springframework.dao.support.DataAccessUtils.translateIfNecessary(DataAccessUtils.java:346)
	at org.springframework.dao.support.PersistenceExceptionTranslationInterceptor.invoke(PersistenceExceptionTranslationInterceptor.java:157)
	at org.springframework.aop.framework.ReflectiveMethodInvocation.proceed(ReflectiveMethodInvocation.java:179)
	at org.springframework.data.jpa.repository.support.CrudMethodMetadataPostProcessor$CrudMethodMetadataPopulatingMethodInterceptor.invoke(CrudMethodMetadataPostProcessor.java:166)
	at org.springframework.aop.framework.ReflectiveMethodInvocation.proceed(ReflectiveMethodInvocation.java:179)
	at org.springframework.aop.framework.JdkDynamicAopProxy.invoke(JdkDynamicAopProxy.java:222)
	at jdk.proxy2/jdk.proxy2.$Proxy148.save(Unknown Source)
	at com.project.hotelmanagementsystem.service.impl.GuestServiceImpl.save(GuestServiceImpl.java:41)
	at java.base/jdk.internal.reflect.DirectMethodHandleAccessor.invoke(DirectMethodHandleAccessor.java:104)
	at java.base/java.lang.reflect.Method.invoke(Method.java:565)
	at org.springframework.aop.support.AopUtils.invokeJoinpointUsingReflection(AopUtils.java:359)
	at org.springframework.aop.framework.ReflectiveMethodInvocation.invokeJoinpoint(ReflectiveMethodInvocation.java:190)
	at org.springframework.aop.framework.ReflectiveMethodInvocation.proceed(ReflectiveMethodInvocation.java:158)
	at org.springframework.transaction.interceptor.TransactionInterceptor$1.proceedWithInvocation(TransactionInterceptor.java:133)
	at org.springframework.transaction.interceptor.TransactionAspectSupport.invokeWithinTransaction(TransactionAspectSupport.java:371)
	at org.springframework.transaction.interceptor.TransactionInterceptor.invoke(TransactionInterceptor.java:130)
	at org.springframework.aop.framework.ReflectiveMethodInvocation.proceed(ReflectiveMethodInvocation.java:179)
	at org.springframework.aop.framework.CglibAopProxy$DynamicAdvisedInterceptor.intercept(CglibAopProxy.java:719)
	at com.project.hotelmanagementsystem.service.impl.GuestServiceImpl$$SpringCGLIB$$0.save(<generated>)
	at com.project.hotelmanagementsystem.controller.GuestController.register(GuestController.java:233)
	at java.base/jdk.internal.reflect.DirectMethodHandleAccessor.invoke(DirectMethodHandleAccessor.java:104)
	at java.base/java.lang.reflect.Method.invoke(Method.java:565)
	at org.springframework.web.method.support.InvocableHandlerMethod.doInvoke(InvocableHandlerMethod.java:252)
	at org.springframework.web.method.support.InvocableHandlerMethod.invokeForRequest(InvocableHandlerMethod.java:184)
	at org.springframework.web.servlet.mvc.method.annotation.ServletInvocableHandlerMethod.invokeAndHandle(ServletInvocableHandlerMethod.java:117)
	at org.springframework.web.servlet.mvc.method.annotation.RequestMappingHandlerAdapter.invokeHandlerMethod(RequestMappingHandlerAdapter.java:934)
	at org.springframework.web.servlet.mvc.method.annotation.RequestMappingHandlerAdapter.handleInternal(RequestMappingHandlerAdapter.java:853)
	at org.springframework.web.servlet.mvc.method.AbstractHandlerMethodAdapter.handle(AbstractHandlerMethodAdapter.java:86)
	at org.springframework.web.servlet.DispatcherServlet.doDispatch(DispatcherServlet.java:963)
	at org.springframework.web.servlet.DispatcherServlet.doService(DispatcherServlet.java:866)
	at org.springframework.web.servlet.FrameworkServlet.processRequest(FrameworkServlet.java:1000)
	at org.springframework.web.servlet.FrameworkServlet.doPost(FrameworkServlet.java:903)
	at jakarta.servlet.http.HttpServlet.service(HttpServlet.java:649)
	at org.springframework.web.servlet.FrameworkServlet.service(FrameworkServlet.java:874)
	at jakarta.servlet.http.HttpServlet.service(HttpServlet.java:710)
	at org.apache.catalina.core.ApplicationFilterChain.doFilter(ApplicationFilterChain.java:128)
	at org.apache.tomcat.websocket.server.WsFilter.doFilter(WsFilter.java:53)
	at org.apache.catalina.core.ApplicationFilterChain.doFilter(ApplicationFilterChain.java:107)
	at org.springframework.web.filter.CompositeFilter$VirtualFilterChain.doFilter(CompositeFilter.java:108)
	at org.springframework.security.web.FilterChainProxy.lambda$doFilterInternal$2(FilterChainProxy.java:235)
	at org.springframework.security.web.FilterChainProxy$VirtualFilterChain.doFilter(FilterChainProxy.java:376)
	at org.springframework.security.web.access.intercept.AuthorizationFilter.doFilter(AuthorizationFilter.java:101)
	at org.springframework.security.web.FilterChainProxy$VirtualFilterChain.doFilter(FilterChainProxy.java:385)
	at org.springframework.security.web.access.ExceptionTranslationFilter.doFilter(ExceptionTranslationFilter.java:126)
	at org.springframework.security.web.access.ExceptionTranslationFilter.doFilter(ExceptionTranslationFilter.java:120)
	at org.springframework.security.web.FilterChainProxy$VirtualFilterChain.doFilter(FilterChainProxy.java:385)
	at org.springframework.security.web.session.SessionManagementFilter.doFilter(SessionManagementFilter.java:132)
	at org.springframework.security.web.session.SessionManagementFilter.doFilter(SessionManagementFilter.java:86)
	at org.springframework.security.web.FilterChainProxy$VirtualFilterChain.doFilter(FilterChainProxy.java:385)
	at org.springframework.security.web.authentication.AnonymousAuthenticationFilter.doFilter(AnonymousAuthenticationFilter.java:100)
	at org.springframework.security.web.FilterChainProxy$VirtualFilterChain.doFilter(FilterChainProxy.java:385)
	at org.springframework.security.web.servletapi.SecurityContextHolderAwareRequestFilter.doFilter(SecurityContextHolderAwareRequestFilter.java:181)
	at org.springframework.security.web.FilterChainProxy$VirtualFilterChain.doFilter(FilterChainProxy.java:385)
	at org.springframework.security.web.savedrequest.RequestCacheAwareFilter.doFilter(RequestCacheAwareFilter.java:63)
	at org.springframework.security.web.FilterChainProxy$VirtualFilterChain.doFilter(FilterChainProxy.java:385)
	at org.springframework.security.web.authentication.logout.LogoutFilter.doFilter(LogoutFilter.java:110)
	at org.springframework.security.web.authentication.logout.LogoutFilter.doFilter(LogoutFilter.java:96)
	at org.springframework.security.web.FilterChainProxy$VirtualFilterChain.doFilter(FilterChainProxy.java:385)
	at org.springframework.web.filter.CorsFilter.doFilterInternal(CorsFilter.java:91)
	at org.springframework.web.filter.OncePerRequestFilter.doFilter(OncePerRequestFilter.java:116)
	at org.springframework.security.web.FilterChainProxy$VirtualFilterChain.doFilter(FilterChainProxy.java:385)
	at org.springframework.security.web.header.HeaderWriterFilter.doHeadersAfter(HeaderWriterFilter.java:90)
	at org.springframework.security.web.header.HeaderWriterFilter.doFilterInternal(HeaderWriterFilter.java:75)
	at org.springframework.web.filter.OncePerRequestFilter.doFilter(OncePerRequestFilter.java:116)
	at org.springframework.security.web.FilterChainProxy$VirtualFilterChain.doFilter(FilterChainProxy.java:385)
	at org.springframework.security.web.context.SecurityContextHolderFilter.doFilter(SecurityContextHolderFilter.java:82)
	at org.springframework.security.web.context.SecurityContextHolderFilter.doFilter(SecurityContextHolderFilter.java:69)
	at org.springframework.security.web.FilterChainProxy$VirtualFilterChain.doFilter(FilterChainProxy.java:385)
	at org.springframework.security.web.context.request.async.WebAsyncManagerIntegrationFilter.doFilterInternal(WebAsyncManagerIntegrationFilter.java:62)
	at org.springframework.web.filter.OncePerRequestFilter.doFilter(OncePerRequestFilter.java:116)
	at org.springframework.security.web.FilterChainProxy$VirtualFilterChain.doFilter(FilterChainProxy.java:385)
	at org.springframework.security.web.session.DisableEncodeUrlFilter.doFilterInternal(DisableEncodeUrlFilter.java:42)
	at org.springframework.web.filter.OncePerRequestFilter.doFilter(OncePerRequestFilter.java:116)
	at org.springframework.security.web.FilterChainProxy$VirtualFilterChain.doFilter(FilterChainProxy.java:385)
	at org.springframework.security.web.FilterChainProxy.doFilterInternal(FilterChainProxy.java:237)
	at org.springframework.security.web.FilterChainProxy.doFilter(FilterChainProxy.java:195)
	at org.springframework.web.filter.CompositeFilter$VirtualFilterChain.doFilter(CompositeFilter.java:113)
	at org.springframework.web.filter.ServletRequestPathFilter.doFilter(ServletRequestPathFilter.java:52)
	at org.springframework.web.filter.CompositeFilter$VirtualFilterChain.doFilter(CompositeFilter.java:113)
	at org.springframework.web.filter.CompositeFilter.doFilter(CompositeFilter.java:74)
	at org.springframework.security.config.annotation.web.configuration.WebSecurityConfiguration$CompositeFilterChainProxy.doFilter(WebSecurityConfiguration.java:317)
	at org.springframework.web.filter.DelegatingFilterProxy.invokeDelegate(DelegatingFilterProxy.java:355)
	at org.springframework.web.filter.DelegatingFilterProxy.doFilter(DelegatingFilterProxy.java:272)
	at org.apache.catalina.core.ApplicationFilterChain.doFilter(ApplicationFilterChain.java:107)
	at org.springframework.web.filter.RequestContextFilter.doFilterInternal(RequestContextFilter.java:100)
	at org.springframework.web.filter.OncePerRequestFilter.doFilter(OncePerRequestFilter.java:116)
	at org.apache.catalina.core.ApplicationFilterChain.doFilter(ApplicationFilterChain.java:107)
	at org.springframework.web.filter.FormContentFilter.doFilterInternal(FormContentFilter.java:93)
	at org.springframework.web.filter.OncePerRequestFilter.doFilter(OncePerRequestFilter.java:116)
	at org.apache.catalina.core.ApplicationFilterChain.doFilter(ApplicationFilterChain.java:107)
	at org.springframework.web.filter.CharacterEncodingFilter.doFilterInternal(CharacterEncodingFilter.java:199)
	at org.springframework.web.filter.OncePerRequestFilter.doFilter(OncePerRequestFilter.java:116)
	at org.apache.catalina.core.ApplicationFilterChain.doFilter(ApplicationFilterChain.java:107)
	at org.apache.catalina.core.StandardWrapperValve.invoke(StandardWrapperValve.java:165)
	at org.apache.catalina.core.StandardContextValve.invoke(StandardContextValve.java:77)
	at org.apache.catalina.authenticator.AuthenticatorBase.invoke(AuthenticatorBase.java:492)
	at org.apache.catalina.core.StandardHostValve.invoke(StandardHostValve.java:113)
	at org.apache.catalina.valves.ErrorReportValve.invoke(ErrorReportValve.java:83)
	at org.apache.catalina.core.StandardEngineValve.invoke(StandardEngineValve.java:72)
	at org.apache.catalina.connector.CoyoteAdapter.service(CoyoteAdapter.java:341)
	at org.apache.coyote.http11.Http11Processor.service(Http11Processor.java:397)
	at org.apache.coyote.AbstractProcessorLight.process(AbstractProcessorLight.java:63)
	at org.apache.coyote.AbstractProtocol$ConnectionHandler.process(AbstractProtocol.java:1272)
	at org.apache.tomcat.util.net.NioEndpoint$SocketProcessor.doRun(NioEndpoint.java:1801)
	at org.apache.tomcat.util.net.SocketProcessorBase.run(SocketProcessorBase.java:52)
	at org.apache.tomcat.util.threads.ThreadPoolExecutor.runWorker(ThreadPoolExecutor.java:946)
	at org.apache.tomcat.util.threads.ThreadPoolExecutor$Worker.run(ThreadPoolExecutor.java:480)
	at org.apache.tomcat.util.threads.TaskThread$WrappingRunnable.run(TaskThread.java:57)
	at java.base/java.lang.Thread.run(Thread.java:1447)
Caused by: org.hibernate.exception.SQLGrammarException: could not execute statement [字符串或二进制数据将在表“HotelManagementSystem.dbo.guests”，列“id_number”中被截断。截断值:“NKY2V0cNXCucQF7g1mA7KkAJHaxR1E57s8aUuqVkTnRQQdJDio”。] [insert into guests (created_at,date_of_birth,email,first_name,gender,id_number,id_type,last_name,nationality,notes,password,phone) values (?,?,?,?,?,?,?,?,?,?,?,?)]
	at org.hibernate.exception.internal.SQLStateConversionDelegate.convert(SQLStateConversionDelegate.java:63)
	at org.hibernate.exception.internal.StandardSQLExceptionConverter.convert(StandardSQLExceptionConverter.java:34)
	at org.hibernate.engine.jdbc.spi.SqlExceptionHelper.convert(SqlExceptionHelper.java:115)
	at org.hibernate.engine.jdbc.internal.ResultSetReturnImpl.executeUpdate(ResultSetReturnImpl.java:189)
	at org.hibernate.id.insert.GetGeneratedKeysDelegate.performMutation(GetGeneratedKeysDelegate.java:96)
	at org.hibernate.engine.jdbc.mutation.internal.MutationExecutorSingleNonBatched.performNonBatchedOperations(MutationExecutorSingleNonBatched.java:45)
	at org.hibernate.engine.jdbc.mutation.internal.AbstractMutationExecutor.execute(AbstractMutationExecutor.java:65)
	at org.hibernate.engine.jdbc.mutation.internal.AbstractMutationExecutor.execute(AbstractMutationExecutor.java:54)
	at org.hibernate.persister.entity.mutation.InsertCoordinatorStandard.doStaticInserts(InsertCoordinatorStandard.java:183)
	at org.hibernate.persister.entity.mutation.InsertCoordinatorStandard.coordinateInsert(InsertCoordinatorStandard.java:123)
	at org.hibernate.persister.entity.mutation.InsertCoordinatorStandard.insert(InsertCoordinatorStandard.java:87)
	at org.hibernate.action.internal.EntityIdentityInsertAction.execute(EntityIdentityInsertAction.java:87)
	at org.hibernate.engine.spi.ActionQueue.execute(ActionQueue.java:667)
	at org.hibernate.engine.spi.ActionQueue.addResolvedEntityInsertAction(ActionQueue.java:291)
	at org.hibernate.engine.spi.ActionQueue.addInsertAction(ActionQueue.java:270)
	at org.hibernate.engine.spi.ActionQueue.addAction(ActionQueue.java:322)
	at org.hibernate.event.internal.AbstractSaveEventListener.addInsertAction(AbstractSaveEventListener.java:384)
	at org.hibernate.event.internal.AbstractSaveEventListener.performSaveOrReplicate(AbstractSaveEventListener.java:298)
	at org.hibernate.event.internal.AbstractSaveEventListener.performSave(AbstractSaveEventListener.java:228)
	at org.hibernate.event.internal.AbstractSaveEventListener.saveWithGeneratedId(AbstractSaveEventListener.java:144)
	at org.hibernate.event.internal.DefaultPersistEventListener.entityIsTransient(DefaultPersistEventListener.java:144)
	at org.hibernate.event.internal.DefaultPersistEventListener.persist(DefaultPersistEventListener.java:91)
	at org.hibernate.event.internal.DefaultPersistEventListener.onPersist(DefaultPersistEventListener.java:75)
	at org.hibernate.event.internal.DefaultPersistEventListener.onPersist(DefaultPersistEventListener.java:51)
	at org.hibernate.event.service.internal.EventListenerGroupImpl.fireEventOnEachListener(EventListenerGroupImpl.java:138)
	at org.hibernate.internal.SessionImpl.firePersist(SessionImpl.java:695)
	at org.hibernate.internal.SessionImpl.persist(SessionImpl.java:678)
	at java.base/jdk.internal.reflect.DirectMethodHandleAccessor.invoke(DirectMethodHandleAccessor.java:104)
	at java.base/java.lang.reflect.Method.invoke(Method.java:565)
	at org.springframework.orm.jpa.SharedEntityManagerCreator$SharedEntityHandlerInvocationHandler.invokeMethod(SharedEntityManagerCreator.java:239)
	at org.springframework.orm.jpa.SharedEntityManagerCreator$SharedEntityManagerInvocationHandler.invoke(SharedEntityManagerCreator.java:383)
	at jdk.proxy2/jdk.proxy2.$Proxy130.persist(Unknown Source)
	at org.springframework.data.jpa.repository.support.SimpleJpaRepository.save(SimpleJpaRepository.java:664)
	at java.base/jdk.internal.reflect.DirectMethodHandleAccessor.invoke(DirectMethodHandleAccessor.java:104)
	at java.base/java.lang.reflect.Method.invoke(Method.java:565)
	at org.springframework.aop.support.AopUtils.invokeJoinpointUsingReflection(AopUtils.java:359)
	at org.springframework.data.repository.core.support.RepositoryMethodInvoker$RepositoryFragmentMethodInvoker.lambda$new$0(RepositoryMethodInvoker.java:278)
	at org.springframework.data.repository.core.support.RepositoryMethodInvoker.doInvoke(RepositoryMethodInvoker.java:169)
	at org.springframework.data.repository.core.support.RepositoryMethodInvoker.invoke(RepositoryMethodInvoker.java:158)
	at org.springframework.data.repository.core.support.RepositoryComposition$RepositoryFragments.invoke(RepositoryComposition.java:545)
	at org.springframework.data.repository.core.support.RepositoryComposition.invoke(RepositoryComposition.java:290)
	at org.springframework.data.repository.core.support.RepositoryFactorySupport$ImplementationMethodExecutionInterceptor.invoke(RepositoryFactorySupport.java:690)
	at org.springframework.aop.framework.ReflectiveMethodInvocation.proceed(ReflectiveMethodInvocation.java:179)
	at org.springframework.data.repository.core.support.QueryExecutorMethodInterceptor.doInvoke(QueryExecutorMethodInterceptor.java:171)
	at org.springframework.data.repository.core.support.QueryExecutorMethodInterceptor.invoke(QueryExecutorMethodInterceptor.java:146)
	at org.springframework.aop.framework.ReflectiveMethodInvocation.proceed(ReflectiveMethodInvocation.java:179)
	at org.springframework.data.projection.DefaultMethodInvokingMethodInterceptor.invoke(DefaultMethodInvokingMethodInterceptor.java:69)
	at org.springframework.aop.framework.ReflectiveMethodInvocation.proceed(ReflectiveMethodInvocation.java:179)
	at org.springframework.transaction.interceptor.TransactionInterceptor$1.proceedWithInvocation(TransactionInterceptor.java:133)
	at org.springframework.transaction.interceptor.TransactionAspectSupport.invokeWithinTransaction(TransactionAspectSupport.java:371)
	at org.springframework.transaction.interceptor.TransactionInterceptor.invoke(TransactionInterceptor.java:130)
	at org.springframework.aop.framework.ReflectiveMethodInvocation.proceed(ReflectiveMethodInvocation.java:179)
	at org.springframework.dao.support.PersistenceExceptionTranslationInterceptor.invoke(PersistenceExceptionTranslationInterceptor.java:135)
	... 107 common frames omitted
Caused by: com.microsoft.sqlserver.jdbc.SQLServerException: 字符串或二进制数据将在表“HotelManagementSystem.dbo.guests”，列“id_number”中被截断。截断值:“NKY2V0cNXCucQF7g1mA7KkAJHaxR1E57s8aUuqVkTnRQQdJDio”。
	at com.microsoft.sqlserver.jdbc.SQLServerException.makeFromDatabaseError(SQLServerException.java:356)
	at com.microsoft.sqlserver.jdbc.SQLServerStatement.getNextResult(SQLServerStatement.java:1927)
	at com.microsoft.sqlserver.jdbc.SQLServerPreparedStatement.doExecutePreparedStatement(SQLServerPreparedStatement.java:764)
	at com.microsoft.sqlserver.jdbc.SQLServerPreparedStatement$PrepStmtExecCmd.doExecute(SQLServerPreparedStatement.java:663)
	at com.microsoft.sqlserver.jdbc.TDSCommand.execute(IOBuffer.java:7832)
	at com.microsoft.sqlserver.jdbc.SQLServerConnection.executeCommand(SQLServerConnection.java:5024)
	at com.microsoft.sqlserver.jdbc.SQLServerStatement.executeCommand(SQLServerStatement.java:364)
	at com.microsoft.sqlserver.jdbc.SQLServerStatement.executeStatement(SQLServerStatement.java:282)
	at com.microsoft.sqlserver.jdbc.SQLServerPreparedStatement.executeUpdate(SQLServerPreparedStatement.java:605)
	at com.zaxxer.hikari.pool.ProxyPreparedStatement.executeUpdate(ProxyPreparedStatement.java:61)
	at com.zaxxer.hikari.pool.HikariProxyPreparedStatement.executeUpdate(HikariProxyPreparedStatement.java)
	at org.hibernate.engine.jdbc.internal.ResultSetReturnImpl.executeUpdate(ResultSetReturnImpl.java:185)
	... 156 common frames omitted
2026-07-24 22:28:04 [http-nio-8080-exec-6] DEBUG org.hibernate.SQL - 
    select
        g1_0.id,
        g1_0.created_at,
        g1_0.date_of_birth,
        g1_0.email,
        g1_0.first_name,
        g1_0.gender,
        g1_0.id_number,
        g1_0.id_type,
        g1_0.last_name,
        g1_0.nationality,
        g1_0.notes,
        g1_0.password,
        g1_0.phone 
    from
        guests g1_0 
    where
        g1_0.email=?
2026-07-24 22:28:04 [http-nio-8080-exec-6] DEBUG org.hibernate.SQL - 
    insert 
    into
        guests
        (created_at, date_of_birth, email, first_name, gender, id_number, id_type, last_name, nationality, notes, password, phone) 
    values
        (?, ?, ?, ?, ?, ?, ?, ?, ?, ?, ?, ?)
2026-07-24 22:28:25 [http-nio-8080-exec-9] DEBUG org.hibernate.SQL - 
    select
        g1_0.id,
        g1_0.created_at,
        g1_0.date_of_birth,
        g1_0.email,
        g1_0.first_name,
        g1_0.gender,
        g1_0.id_number,
        g1_0.id_type,
        g1_0.last_name,
        g1_0.nationality,
        g1_0.notes,
        g1_0.password,
        g1_0.phone 
    from
        guests g1_0 
    where
        g1_0.email=?
2026-07-24 22:29:01 [http-nio-8080-exec-8] DEBUG org.hibernate.SQL - 
    select
        g1_0.id,
        g1_0.created_at,
        g1_0.date_of_birth,
        g1_0.email,
        g1_0.first_name,
        g1_0.gender,
        g1_0.id_number,
        g1_0.id_type,
        g1_0.last_name,
        g1_0.nationality,
        g1_0.notes,
        g1_0.password,
        g1_0.phone 
    from
        guests g1_0 
    where
        g1_0.email=?
2026-07-24 22:29:25 [http-nio-8080-exec-2] DEBUG org.hibernate.SQL - 
    select
        g1_0.id,
        g1_0.created_at,
        g1_0.date_of_birth,
        g1_0.email,
        g1_0.first_name,
        g1_0.gender,
        g1_0.id_number,
        g1_0.id_type,
        g1_0.last_name,
        g1_0.nationality,
        g1_0.notes,
        g1_0.password,
        g1_0.phone 
    from
        guests g1_0 
    where
        g1_0.email=?
2026-07-24 22:29:25 [http-nio-8080-exec-2] ERROR c.p.h.common.GlobalExceptionHandler - Unexpected error occurred
java.lang.NumberFormatException: For input string: "K"
	at java.base/java.lang.NumberFormatException.forInputString(NumberFormatException.java:67)
	at java.base/java.lang.Integer.parseInt(Integer.java:564)
	at java.base/java.lang.Integer.parseInt(Integer.java:661)
	at com.project.hotelmanagementsystem.util.IdCardValidator.extractGender(IdCardValidator.java:74)
	at com.project.hotelmanagementsystem.controller.GuestController.register(GuestController.java:214)
	at java.base/jdk.internal.reflect.DirectMethodHandleAccessor.invoke(DirectMethodHandleAccessor.java:104)
	at java.base/java.lang.reflect.Method.invoke(Method.java:565)
	at org.springframework.web.method.support.InvocableHandlerMethod.doInvoke(InvocableHandlerMethod.java:252)
	at org.springframework.web.method.support.InvocableHandlerMethod.invokeForRequest(InvocableHandlerMethod.java:184)
	at org.springframework.web.servlet.mvc.method.annotation.ServletInvocableHandlerMethod.invokeAndHandle(ServletInvocableHandlerMethod.java:117)
	at org.springframework.web.servlet.mvc.method.annotation.RequestMappingHandlerAdapter.invokeHandlerMethod(RequestMappingHandlerAdapter.java:934)
	at org.springframework.web.servlet.mvc.method.annotation.RequestMappingHandlerAdapter.handleInternal(RequestMappingHandlerAdapter.java:853)
	at org.springframework.web.servlet.mvc.method.AbstractHandlerMethodAdapter.handle(AbstractHandlerMethodAdapter.java:86)
	at org.springframework.web.servlet.DispatcherServlet.doDispatch(DispatcherServlet.java:963)
	at org.springframework.web.servlet.DispatcherServlet.doService(DispatcherServlet.java:866)
	at org.springframework.web.servlet.FrameworkServlet.processRequest(FrameworkServlet.java:1000)
	at org.springframework.web.servlet.FrameworkServlet.doPost(FrameworkServlet.java:903)
	at jakarta.servlet.http.HttpServlet.service(HttpServlet.java:649)
	at org.springframework.web.servlet.FrameworkServlet.service(FrameworkServlet.java:874)
	at jakarta.servlet.http.HttpServlet.service(HttpServlet.java:710)
	at org.apache.catalina.core.ApplicationFilterChain.doFilter(ApplicationFilterChain.java:128)
	at org.apache.tomcat.websocket.server.WsFilter.doFilter(WsFilter.java:53)
	at org.apache.catalina.core.ApplicationFilterChain.doFilter(ApplicationFilterChain.java:107)
	at org.springframework.web.filter.CompositeFilter$VirtualFilterChain.doFilter(CompositeFilter.java:108)
	at org.springframework.security.web.FilterChainProxy.lambda$doFilterInternal$2(FilterChainProxy.java:235)
	at org.springframework.security.web.FilterChainProxy$VirtualFilterChain.doFilter(FilterChainProxy.java:376)
	at org.springframework.security.web.access.intercept.AuthorizationFilter.doFilter(AuthorizationFilter.java:101)
	at org.springframework.security.web.FilterChainProxy$VirtualFilterChain.doFilter(FilterChainProxy.java:385)
	at org.springframework.security.web.access.ExceptionTranslationFilter.doFilter(ExceptionTranslationFilter.java:126)
	at org.springframework.security.web.access.ExceptionTranslationFilter.doFilter(ExceptionTranslationFilter.java:120)
	at org.springframework.security.web.FilterChainProxy$VirtualFilterChain.doFilter(FilterChainProxy.java:385)
	at org.springframework.security.web.session.SessionManagementFilter.doFilter(SessionManagementFilter.java:132)
	at org.springframework.security.web.session.SessionManagementFilter.doFilter(SessionManagementFilter.java:86)
	at org.springframework.security.web.FilterChainProxy$VirtualFilterChain.doFilter(FilterChainProxy.java:385)
	at org.springframework.security.web.authentication.AnonymousAuthenticationFilter.doFilter(AnonymousAuthenticationFilter.java:100)
	at org.springframework.security.web.FilterChainProxy$VirtualFilterChain.doFilter(FilterChainProxy.java:385)
	at org.springframework.security.web.servletapi.SecurityContextHolderAwareRequestFilter.doFilter(SecurityContextHolderAwareRequestFilter.java:181)
	at org.springframework.security.web.FilterChainProxy$VirtualFilterChain.doFilter(FilterChainProxy.java:385)
	at org.springframework.security.web.savedrequest.RequestCacheAwareFilter.doFilter(RequestCacheAwareFilter.java:63)
	at org.springframework.security.web.FilterChainProxy$VirtualFilterChain.doFilter(FilterChainProxy.java:385)
	at org.springframework.security.web.authentication.logout.LogoutFilter.doFilter(LogoutFilter.java:110)
	at org.springframework.security.web.authentication.logout.LogoutFilter.doFilter(LogoutFilter.java:96)
	at org.springframework.security.web.FilterChainProxy$VirtualFilterChain.doFilter(FilterChainProxy.java:385)
	at org.springframework.web.filter.CorsFilter.doFilterInternal(CorsFilter.java:91)
	at org.springframework.web.filter.OncePerRequestFilter.doFilter(OncePerRequestFilter.java:116)
	at org.springframework.security.web.FilterChainProxy$VirtualFilterChain.doFilter(FilterChainProxy.java:385)
	at org.springframework.security.web.header.HeaderWriterFilter.doHeadersAfter(HeaderWriterFilter.java:90)
	at org.springframework.security.web.header.HeaderWriterFilter.doFilterInternal(HeaderWriterFilter.java:75)
	at org.springframework.web.filter.OncePerRequestFilter.doFilter(OncePerRequestFilter.java:116)
	at org.springframework.security.web.FilterChainProxy$VirtualFilterChain.doFilter(FilterChainProxy.java:385)
	at org.springframework.security.web.context.SecurityContextHolderFilter.doFilter(SecurityContextHolderFilter.java:82)
	at org.springframework.security.web.context.SecurityContextHolderFilter.doFilter(SecurityContextHolderFilter.java:69)
	at org.springframework.security.web.FilterChainProxy$VirtualFilterChain.doFilter(FilterChainProxy.java:385)
	at org.springframework.security.web.context.request.async.WebAsyncManagerIntegrationFilter.doFilterInternal(WebAsyncManagerIntegrationFilter.java:62)
	at org.springframework.web.filter.OncePerRequestFilter.doFilter(OncePerRequestFilter.java:116)
	at org.springframework.security.web.FilterChainProxy$VirtualFilterChain.doFilter(FilterChainProxy.java:385)
	at org.springframework.security.web.session.DisableEncodeUrlFilter.doFilterInternal(DisableEncodeUrlFilter.java:42)
	at org.springframework.web.filter.OncePerRequestFilter.doFilter(OncePerRequestFilter.java:116)
	at org.springframework.security.web.FilterChainProxy$VirtualFilterChain.doFilter(FilterChainProxy.java:385)
	at org.springframework.security.web.FilterChainProxy.doFilterInternal(FilterChainProxy.java:237)
	at org.springframework.security.web.FilterChainProxy.doFilter(FilterChainProxy.java:195)
	at org.springframework.web.filter.CompositeFilter$VirtualFilterChain.doFilter(CompositeFilter.java:113)
	at org.springframework.web.filter.ServletRequestPathFilter.doFilter(ServletRequestPathFilter.java:52)
	at org.springframework.web.filter.CompositeFilter$VirtualFilterChain.doFilter(CompositeFilter.java:113)
	at org.springframework.web.filter.CompositeFilter.doFilter(CompositeFilter.java:74)
	at org.springframework.security.config.annotation.web.configuration.WebSecurityConfiguration$CompositeFilterChainProxy.doFilter(WebSecurityConfiguration.java:317)
	at org.springframework.web.filter.DelegatingFilterProxy.invokeDelegate(DelegatingFilterProxy.java:355)
	at org.springframework.web.filter.DelegatingFilterProxy.doFilter(DelegatingFilterProxy.java:272)
	at org.apache.catalina.core.ApplicationFilterChain.doFilter(ApplicationFilterChain.java:107)
	at org.springframework.web.filter.RequestContextFilter.doFilterInternal(RequestContextFilter.java:100)
	at org.springframework.web.filter.OncePerRequestFilter.doFilter(OncePerRequestFilter.java:116)
	at org.apache.catalina.core.ApplicationFilterChain.doFilter(ApplicationFilterChain.java:107)
	at org.springframework.web.filter.FormContentFilter.doFilterInternal(FormContentFilter.java:93)
	at org.springframework.web.filter.OncePerRequestFilter.doFilter(OncePerRequestFilter.java:116)
	at org.apache.catalina.core.ApplicationFilterChain.doFilter(ApplicationFilterChain.java:107)
	at org.springframework.web.filter.CharacterEncodingFilter.doFilterInternal(CharacterEncodingFilter.java:199)
	at org.springframework.web.filter.OncePerRequestFilter.doFilter(OncePerRequestFilter.java:116)
	at org.apache.catalina.core.ApplicationFilterChain.doFilter(ApplicationFilterChain.java:107)
	at org.apache.catalina.core.StandardWrapperValve.invoke(StandardWrapperValve.java:165)
	at org.apache.catalina.core.StandardContextValve.invoke(StandardContextValve.java:77)
	at org.apache.catalina.authenticator.AuthenticatorBase.invoke(AuthenticatorBase.java:492)
	at org.apache.catalina.core.StandardHostValve.invoke(StandardHostValve.java:113)
	at org.apache.catalina.valves.ErrorReportValve.invoke(ErrorReportValve.java:83)
	at org.apache.catalina.core.StandardEngineValve.invoke(StandardEngineValve.java:72)
	at org.apache.catalina.connector.CoyoteAdapter.service(CoyoteAdapter.java:341)
	at org.apache.coyote.http11.Http11Processor.service(Http11Processor.java:397)
	at org.apache.coyote.AbstractProcessorLight.process(AbstractProcessorLight.java:63)
	at org.apache.coyote.AbstractProtocol$ConnectionHandler.process(AbstractProtocol.java:1272)
	at org.apache.tomcat.util.net.NioEndpoint$SocketProcessor.doRun(NioEndpoint.java:1801)
	at org.apache.tomcat.util.net.SocketProcessorBase.run(SocketProcessorBase.java:52)
	at org.apache.tomcat.util.threads.ThreadPoolExecutor.runWorker(ThreadPoolExecutor.java:946)
	at org.apache.tomcat.util.threads.ThreadPoolExecutor$Worker.run(ThreadPoolExecutor.java:480)
	at org.apache.tomcat.util.threads.TaskThread$WrappingRunnable.run(TaskThread.java:57)
	at java.base/java.lang.Thread.run(Thread.java:1447)
2026-07-24 22:29:41 [http-nio-8080-exec-3] DEBUG org.hibernate.SQL - 
    select
        g1_0.id,
        g1_0.created_at,
        g1_0.date_of_birth,
        g1_0.email,
        g1_0.first_name,
        g1_0.gender,
        g1_0.id_number,
        g1_0.id_type,
        g1_0.last_name,
        g1_0.nationality,
        g1_0.notes,
        g1_0.password,
        g1_0.phone 
    from
        guests g1_0 
    where
        g1_0.email=?
2026-07-24 22:29:41 [http-nio-8080-exec-3] DEBUG org.hibernate.SQL - 
    insert 
    into
        guests
        (created_at, date_of_birth, email, first_name, gender, id_number, id_type, last_name, nationality, notes, password, phone) 
    values
        (?, ?, ?, ?, ?, ?, ?, ?, ?, ?, ?, ?)
2026-07-24 22:29:55 [http-nio-8080-exec-5] DEBUG org.hibernate.SQL - 
    select
        g1_0.id,
        g1_0.created_at,
        g1_0.date_of_birth,
        g1_0.email,
        g1_0.first_name,
        g1_0.gender,
        g1_0.id_number,
        g1_0.id_type,
        g1_0.last_name,
        g1_0.nationality,
        g1_0.notes,
        g1_0.password,
        g1_0.phone 
    from
        guests g1_0 
    where
        g1_0.email=?
2026-07-24 22:30:19 [http-nio-8080-exec-7] DEBUG org.hibernate.SQL - 
    select
        g1_0.id,
        g1_0.created_at,
        g1_0.date_of_birth,
        g1_0.email,
        g1_0.first_name,
        g1_0.gender,
        g1_0.id_number,
        g1_0.id_type,
        g1_0.last_name,
        g1_0.nationality,
        g1_0.notes,
        g1_0.password,
        g1_0.phone 
    from
        guests g1_0
2026-07-24 22:31:45 [main] INFO  c.p.h.HotelManagementSystemApplication - Starting HotelManagementSystemApplication using Java 24.0.1 with PID 41408 (C:\Users\11837\IdeaProjects\HotelManagementSystem\target\classes started by 11837 in C:\Users\11837\IdeaProjects\HotelManagementSystem)
2026-07-24 22:31:45 [main] DEBUG c.p.h.HotelManagementSystemApplication - Running with Spring Boot v4.1.0, Spring v7.0.8
2026-07-24 22:31:45 [main] INFO  c.p.h.HotelManagementSystemApplication - No active profile set, falling back to 1 default profile: "default"
2026-07-24 22:31:46 [main] INFO  o.s.d.r.c.RepositoryConfigurationDelegate - Bootstrapping Spring Data JPA repositories in DEFAULT mode.
2026-07-24 22:31:46 [main] INFO  o.s.d.r.c.RepositoryConfigurationDelegate - Finished Spring Data repository scanning in 104 ms. Found 17 JPA repository interfaces.
2026-07-24 22:31:46 [main] INFO  o.s.boot.tomcat.TomcatWebServer - Tomcat initialized with port 8080 (http)
2026-07-24 22:31:46 [main] INFO  o.a.catalina.core.StandardService - Starting service [Tomcat]
2026-07-24 22:31:46 [main] INFO  o.a.catalina.core.StandardEngine - Starting Servlet engine: [Apache Tomcat/11.0.22]
2026-07-24 22:31:46 [main] INFO  o.s.b.w.c.s.WebApplicationContextInitializer - Root WebApplicationContext: initialization completed in 1574 ms
2026-07-24 22:31:46 [main] INFO  org.hibernate.orm.jpa - HHH008540: Processing PersistenceUnitInfo [name: default]
2026-07-24 22:31:47 [main] INFO  org.hibernate.orm.core - HHH000001: Hibernate ORM core version 7.4.1.Final
2026-07-24 22:31:47 [main] INFO  o.s.o.j.p.SpringPersistenceUnitInfo - No LoadTimeWeaver setup: ignoring JPA class transformer
2026-07-24 22:31:47 [main] INFO  com.zaxxer.hikari.HikariDataSource - HikariPool-1 - Starting...
2026-07-24 22:31:47 [main] INFO  com.zaxxer.hikari.pool.HikariPool - HikariPool-1 - Added connection ConnectionID:1 ClientConnectionId: a5315662-d91d-4bff-8795-62cd151c4197
2026-07-24 22:31:47 [main] INFO  com.zaxxer.hikari.HikariDataSource - HikariPool-1 - Start completed.
2026-07-24 22:31:47 [main] WARN  org.hibernate.orm.deprecation - HHH90000025: SQLServerDialect does not need to be specified explicitly using 'hibernate.dialect' (remove the property setting and it will be selected by default)
2026-07-24 22:31:47 [main] INFO  o.hibernate.orm.connections.pooling - HHH10001005: Database info:
	Database JDBC URL [jdbc:sqlserver://localhost\SQLEXPRESS:11837;concatNullYieldsNull=ON;quotedIdentifier=ON;connectRetryInterval=10;connectRetryCount=1;maxResultBuffer=-1;sendTemporalDataTypesAsStringForBulkCopy=true;delayLoadingLobs=true;useFmtOnly=false;vectorTypeSupport=v1;cacheBulkCopyMetadata=false;bulkCopyForBatchInsertAllowEncryptedValueModifications=false;bulkCopyForBatchInsertTableLock=false;bulkCopyForBatchInsertKeepNulls=false;bulkCopyForBatchInsertKeepIdentity=false;bulkCopyForBatchInsertFireTriggers=false;bulkCopyForBatchInsertCheckConstraints=false;bulkCopyForBatchInsertBatchSize=0;useBulkCopyForBatchInsert=false;cancelQueryTimeout=-1;sslProtocol=TLS;calcBigDecimalPrecision=false;useDefaultJaasConfig=false;jaasConfigurationName=SQLJDBCDriver;statementPoolingCacheSize=0;serverPreparedStatementDiscardThreshold=10;enablePrepareOnFirstPreparedStatementCall=false;fips=false;socketTimeout=0;authentication=NotSpecified;authenticationScheme=nativeAuthentication;xopenStates=false;datetimeParameterType=datetime2;sendTimeAsDatetime=true;replication=false;trustStoreType=JKS;trustServerCertificate=true;TransparentNetworkIPResolution=true;iPAddressPreference=IPv4First;serverNameAsACE=false;sendStringParametersAsUnicode=true;selectMethod=direct;responseBuffering=adaptive;queryTimeout=-1;packetSize=8000;multiSubnetFailover=false;loginTimeout=30;lockTimeout=-1;lastUpdateCount=true;useDefaultGSSCredential=false;prepareMethod=prepexec;encrypt=true;disableStatementPooling=true;databaseName=HotelManagementSystem;columnEncryptionSetting=Disabled;applicationName=Microsoft JDBC Driver for SQL Server;applicationIntent=readwrite;]
	Database driver: Microsoft JDBC Driver 13.4 for SQL Server
	Database dialect: SQLServerDialect
	Database version: 17.0
	Default catalog/schema: HotelManagementSystem/dbo
	Autocommit mode: undefined/unknown
	Isolation level: READ_COMMITTED [default READ_COMMITTED]
	JDBC fetch size: 128
	Pool: DataSourceConnectionProvider
	Minimum pool size: undefined/unknown
	Maximum pool size: undefined/unknown
2026-07-24 22:31:49 [main] INFO  org.hibernate.orm.core - HHH000489: No JTA platform available (set 'hibernate.transaction.jta.platform' to enable JTA platform integration)
2026-07-24 22:31:49 [main] DEBUG org.hibernate.SQL - 
    alter table check_ins 
       alter column notes VARCHAR(MAX)
2026-07-24 22:31:49 [main] DEBUG org.hibernate.SQL - 
    alter table guests 
       alter column id_number varchar(200)
2026-07-24 22:31:49 [main] DEBUG org.hibernate.SQL - 
    alter table guests 
       alter column notes VARCHAR(MAX)
2026-07-24 22:31:49 [main] DEBUG org.hibernate.SQL - 
    alter table hotels 
       alter column description VARCHAR(MAX)
2026-07-24 22:31:49 [main] DEBUG org.hibernate.SQL - 
    alter table reservations 
       alter column special_requests VARCHAR(MAX)
2026-07-24 22:31:49 [main] DEBUG org.hibernate.SQL - 
    alter table room_status_logs 
       alter column notes VARCHAR(MAX)
2026-07-24 22:31:49 [main] DEBUG org.hibernate.SQL - 
    alter table room_types 
       alter column description VARCHAR(MAX)
2026-07-24 22:31:49 [main] DEBUG org.hibernate.SQL - 
    alter table rooms 
       alter column notes VARCHAR(MAX)
2026-07-24 22:31:49 [main] INFO  o.s.o.j.LocalContainerEntityManagerFactoryBean - Initialized JPA EntityManagerFactory for persistence unit 'default'
2026-07-24 22:31:49 [main] INFO  o.s.d.j.r.q.QueryEnhancerFactories - Hibernate is in classpath; If applicable, HQL parser will be used.
2026-07-24 22:31:50 [main] WARN  o.s.b.s.a.UserDetailsServiceAutoConfiguration - 

Using generated security password: a2deac25-725f-46a1-8943-9ad9c6fc74c3

This generated password is for development use only. Your security configuration must be updated before running your application in production.

2026-07-24 22:31:50 [main] INFO  o.s.s.c.a.a.c.InitializeUserDetailsBeanManagerConfigurer$InitializeUserDetailsManagerConfigurer - Global AuthenticationManager configured with UserDetailsService bean with name inMemoryUserDetailsManager
2026-07-24 22:31:50 [main] INFO  o.s.boot.tomcat.TomcatWebServer - Tomcat started on port 8080 (http) with context path '/'
2026-07-24 22:31:50 [main] INFO  c.p.h.HotelManagementSystemApplication - Started HotelManagementSystemApplication in 6.315 seconds (process running for 6.891)
2026-07-24 22:31:50 [main] WARN  o.s.c.events.SpringDocAppInitializer - SpringDoc /api-docs endpoint is enabled by default. To disable it in production, set the property 'springdoc.api-docs.enabled=false'
2026-07-24 22:31:56 [http-nio-8080-exec-1] INFO  o.a.c.c.C.[Tomcat].[localhost].[/] - Initializing Spring DispatcherServlet 'dispatcherServlet'
2026-07-24 22:31:56 [http-nio-8080-exec-1] INFO  o.s.web.servlet.DispatcherServlet - Initializing Servlet 'dispatcherServlet'
2026-07-24 22:31:56 [http-nio-8080-exec-1] INFO  o.s.web.servlet.DispatcherServlet - Completed initialization in 1 ms
2026-07-24 22:31:57 [http-nio-8080-exec-1] DEBUG org.hibernate.SQL - 
    select
        g1_0.id,
        g1_0.created_at,
        g1_0.date_of_birth,
        g1_0.email,
        g1_0.first_name,
        g1_0.gender,
        g1_0.id_number,
        g1_0.id_type,
        g1_0.last_name,
        g1_0.nationality,
        g1_0.notes,
        g1_0.password,
        g1_0.phone 
    from
        guests g1_0 
    where
        g1_0.email=?
2026-07-24 22:31:57 [http-nio-8080-exec-1] ERROR c.p.h.common.GlobalExceptionHandler - Unexpected error occurred
java.lang.NumberFormatException: For input string: "M"
	at java.base/java.lang.NumberFormatException.forInputString(NumberFormatException.java:67)
	at java.base/java.lang.Integer.parseInt(Integer.java:564)
	at java.base/java.lang.Integer.parseInt(Integer.java:661)
	at com.project.hotelmanagementsystem.util.IdCardValidator.extractGender(IdCardValidator.java:74)
	at com.project.hotelmanagementsystem.controller.GuestController.register(GuestController.java:214)
	at java.base/jdk.internal.reflect.DirectMethodHandleAccessor.invoke(DirectMethodHandleAccessor.java:104)
	at java.base/java.lang.reflect.Method.invoke(Method.java:565)
	at org.springframework.web.method.support.InvocableHandlerMethod.doInvoke(InvocableHandlerMethod.java:252)
	at org.springframework.web.method.support.InvocableHandlerMethod.invokeForRequest(InvocableHandlerMethod.java:184)
	at org.springframework.web.servlet.mvc.method.annotation.ServletInvocableHandlerMethod.invokeAndHandle(ServletInvocableHandlerMethod.java:117)
	at org.springframework.web.servlet.mvc.method.annotation.RequestMappingHandlerAdapter.invokeHandlerMethod(RequestMappingHandlerAdapter.java:934)
	at org.springframework.web.servlet.mvc.method.annotation.RequestMappingHandlerAdapter.handleInternal(RequestMappingHandlerAdapter.java:853)
	at org.springframework.web.servlet.mvc.method.AbstractHandlerMethodAdapter.handle(AbstractHandlerMethodAdapter.java:86)
	at org.springframework.web.servlet.DispatcherServlet.doDispatch(DispatcherServlet.java:963)
	at org.springframework.web.servlet.DispatcherServlet.doService(DispatcherServlet.java:866)
	at org.springframework.web.servlet.FrameworkServlet.processRequest(FrameworkServlet.java:1000)
	at org.springframework.web.servlet.FrameworkServlet.doPost(FrameworkServlet.java:903)
	at jakarta.servlet.http.HttpServlet.service(HttpServlet.java:649)
	at org.springframework.web.servlet.FrameworkServlet.service(FrameworkServlet.java:874)
	at jakarta.servlet.http.HttpServlet.service(HttpServlet.java:710)
	at org.apache.catalina.core.ApplicationFilterChain.doFilter(ApplicationFilterChain.java:128)
	at org.apache.tomcat.websocket.server.WsFilter.doFilter(WsFilter.java:53)
	at org.apache.catalina.core.ApplicationFilterChain.doFilter(ApplicationFilterChain.java:107)
	at org.springframework.web.filter.CompositeFilter$VirtualFilterChain.doFilter(CompositeFilter.java:108)
	at org.springframework.security.web.FilterChainProxy.lambda$doFilterInternal$2(FilterChainProxy.java:235)
	at org.springframework.security.web.FilterChainProxy$VirtualFilterChain.doFilter(FilterChainProxy.java:376)
	at org.springframework.security.web.access.intercept.AuthorizationFilter.doFilter(AuthorizationFilter.java:101)
	at org.springframework.security.web.FilterChainProxy$VirtualFilterChain.doFilter(FilterChainProxy.java:385)
	at org.springframework.security.web.access.ExceptionTranslationFilter.doFilter(ExceptionTranslationFilter.java:126)
	at org.springframework.security.web.access.ExceptionTranslationFilter.doFilter(ExceptionTranslationFilter.java:120)
	at org.springframework.security.web.FilterChainProxy$VirtualFilterChain.doFilter(FilterChainProxy.java:385)
	at org.springframework.security.web.session.SessionManagementFilter.doFilter(SessionManagementFilter.java:132)
	at org.springframework.security.web.session.SessionManagementFilter.doFilter(SessionManagementFilter.java:86)
	at org.springframework.security.web.FilterChainProxy$VirtualFilterChain.doFilter(FilterChainProxy.java:385)
	at org.springframework.security.web.authentication.AnonymousAuthenticationFilter.doFilter(AnonymousAuthenticationFilter.java:100)
	at org.springframework.security.web.FilterChainProxy$VirtualFilterChain.doFilter(FilterChainProxy.java:385)
	at org.springframework.security.web.servletapi.SecurityContextHolderAwareRequestFilter.doFilter(SecurityContextHolderAwareRequestFilter.java:181)
	at org.springframework.security.web.FilterChainProxy$VirtualFilterChain.doFilter(FilterChainProxy.java:385)
	at org.springframework.security.web.savedrequest.RequestCacheAwareFilter.doFilter(RequestCacheAwareFilter.java:63)
	at org.springframework.security.web.FilterChainProxy$VirtualFilterChain.doFilter(FilterChainProxy.java:385)
	at org.springframework.security.web.authentication.logout.LogoutFilter.doFilter(LogoutFilter.java:110)
	at org.springframework.security.web.authentication.logout.LogoutFilter.doFilter(LogoutFilter.java:96)
	at org.springframework.security.web.FilterChainProxy$VirtualFilterChain.doFilter(FilterChainProxy.java:385)
	at org.springframework.web.filter.CorsFilter.doFilterInternal(CorsFilter.java:91)
	at org.springframework.web.filter.OncePerRequestFilter.doFilter(OncePerRequestFilter.java:116)
	at org.springframework.security.web.FilterChainProxy$VirtualFilterChain.doFilter(FilterChainProxy.java:385)
	at org.springframework.security.web.header.HeaderWriterFilter.doHeadersAfter(HeaderWriterFilter.java:90)
	at org.springframework.security.web.header.HeaderWriterFilter.doFilterInternal(HeaderWriterFilter.java:75)
	at org.springframework.web.filter.OncePerRequestFilter.doFilter(OncePerRequestFilter.java:116)
	at org.springframework.security.web.FilterChainProxy$VirtualFilterChain.doFilter(FilterChainProxy.java:385)
	at org.springframework.security.web.context.SecurityContextHolderFilter.doFilter(SecurityContextHolderFilter.java:82)
	at org.springframework.security.web.context.SecurityContextHolderFilter.doFilter(SecurityContextHolderFilter.java:69)
	at org.springframework.security.web.FilterChainProxy$VirtualFilterChain.doFilter(FilterChainProxy.java:385)
	at org.springframework.security.web.context.request.async.WebAsyncManagerIntegrationFilter.doFilterInternal(WebAsyncManagerIntegrationFilter.java:62)
	at org.springframework.web.filter.OncePerRequestFilter.doFilter(OncePerRequestFilter.java:116)
	at org.springframework.security.web.FilterChainProxy$VirtualFilterChain.doFilter(FilterChainProxy.java:385)
	at org.springframework.security.web.session.DisableEncodeUrlFilter.doFilterInternal(DisableEncodeUrlFilter.java:42)
	at org.springframework.web.filter.OncePerRequestFilter.doFilter(OncePerRequestFilter.java:116)
	at org.springframework.security.web.FilterChainProxy$VirtualFilterChain.doFilter(FilterChainProxy.java:385)
	at org.springframework.security.web.FilterChainProxy.doFilterInternal(FilterChainProxy.java:237)
	at org.springframework.security.web.FilterChainProxy.doFilter(FilterChainProxy.java:195)
	at org.springframework.web.filter.CompositeFilter$VirtualFilterChain.doFilter(CompositeFilter.java:113)
	at org.springframework.web.filter.ServletRequestPathFilter.doFilter(ServletRequestPathFilter.java:52)
	at org.springframework.web.filter.CompositeFilter$VirtualFilterChain.doFilter(CompositeFilter.java:113)
	at org.springframework.web.filter.CompositeFilter.doFilter(CompositeFilter.java:74)
	at org.springframework.security.config.annotation.web.configuration.WebSecurityConfiguration$CompositeFilterChainProxy.doFilter(WebSecurityConfiguration.java:317)
	at org.springframework.web.filter.DelegatingFilterProxy.invokeDelegate(DelegatingFilterProxy.java:355)
	at org.springframework.web.filter.DelegatingFilterProxy.doFilter(DelegatingFilterProxy.java:272)
	at org.apache.catalina.core.ApplicationFilterChain.doFilter(ApplicationFilterChain.java:107)
	at org.springframework.web.filter.RequestContextFilter.doFilterInternal(RequestContextFilter.java:100)
	at org.springframework.web.filter.OncePerRequestFilter.doFilter(OncePerRequestFilter.java:116)
	at org.apache.catalina.core.ApplicationFilterChain.doFilter(ApplicationFilterChain.java:107)
	at org.springframework.web.filter.FormContentFilter.doFilterInternal(FormContentFilter.java:93)
	at org.springframework.web.filter.OncePerRequestFilter.doFilter(OncePerRequestFilter.java:116)
	at org.apache.catalina.core.ApplicationFilterChain.doFilter(ApplicationFilterChain.java:107)
	at org.springframework.web.filter.CharacterEncodingFilter.doFilterInternal(CharacterEncodingFilter.java:199)
	at org.springframework.web.filter.OncePerRequestFilter.doFilter(OncePerRequestFilter.java:116)
	at org.apache.catalina.core.ApplicationFilterChain.doFilter(ApplicationFilterChain.java:107)
	at org.apache.catalina.core.StandardWrapperValve.invoke(StandardWrapperValve.java:165)
	at org.apache.catalina.core.StandardContextValve.invoke(StandardContextValve.java:77)
	at org.apache.catalina.authenticator.AuthenticatorBase.invoke(AuthenticatorBase.java:492)
	at org.apache.catalina.core.StandardHostValve.invoke(StandardHostValve.java:113)
	at org.apache.catalina.valves.ErrorReportValve.invoke(ErrorReportValve.java:83)
	at org.apache.catalina.core.StandardEngineValve.invoke(StandardEngineValve.java:72)
	at org.apache.catalina.connector.CoyoteAdapter.service(CoyoteAdapter.java:341)
	at org.apache.coyote.http11.Http11Processor.service(Http11Processor.java:397)
	at org.apache.coyote.AbstractProcessorLight.process(AbstractProcessorLight.java:63)
	at org.apache.coyote.AbstractProtocol$ConnectionHandler.process(AbstractProtocol.java:1272)
	at org.apache.tomcat.util.net.NioEndpoint$SocketProcessor.doRun(NioEndpoint.java:1801)
	at org.apache.tomcat.util.net.SocketProcessorBase.run(SocketProcessorBase.java:52)
	at org.apache.tomcat.util.threads.ThreadPoolExecutor.runWorker(ThreadPoolExecutor.java:946)
	at org.apache.tomcat.util.threads.ThreadPoolExecutor$Worker.run(ThreadPoolExecutor.java:480)
	at org.apache.tomcat.util.threads.TaskThread$WrappingRunnable.run(TaskThread.java:57)
	at java.base/java.lang.Thread.run(Thread.java:1447)
2026-07-24 22:33:52 [main] INFO  c.p.h.HotelManagementSystemApplication - Starting HotelManagementSystemApplication using Java 24.0.1 with PID 46540 (C:\Users\11837\IdeaProjects\HotelManagementSystem\target\classes started by 11837 in C:\Users\11837\IdeaProjects\HotelManagementSystem)
2026-07-24 22:33:52 [main] DEBUG c.p.h.HotelManagementSystemApplication - Running with Spring Boot v4.1.0, Spring v7.0.8
2026-07-24 22:33:52 [main] INFO  c.p.h.HotelManagementSystemApplication - No active profile set, falling back to 1 default profile: "default"
2026-07-24 22:33:53 [main] INFO  o.s.d.r.c.RepositoryConfigurationDelegate - Bootstrapping Spring Data JPA repositories in DEFAULT mode.
2026-07-24 22:33:53 [main] INFO  o.s.d.r.c.RepositoryConfigurationDelegate - Finished Spring Data repository scanning in 98 ms. Found 17 JPA repository interfaces.
2026-07-24 22:33:54 [main] INFO  o.s.boot.tomcat.TomcatWebServer - Tomcat initialized with port 8080 (http)
2026-07-24 22:33:54 [main] INFO  o.a.catalina.core.StandardService - Starting service [Tomcat]
2026-07-24 22:33:54 [main] INFO  o.a.catalina.core.StandardEngine - Starting Servlet engine: [Apache Tomcat/11.0.22]
2026-07-24 22:33:54 [main] INFO  o.s.b.w.c.s.WebApplicationContextInitializer - Root WebApplicationContext: initialization completed in 1551 ms
2026-07-24 22:33:54 [main] INFO  org.hibernate.orm.jpa - HHH008540: Processing PersistenceUnitInfo [name: default]
2026-07-24 22:33:54 [main] INFO  org.hibernate.orm.core - HHH000001: Hibernate ORM core version 7.4.1.Final
2026-07-24 22:33:54 [main] INFO  o.s.o.j.p.SpringPersistenceUnitInfo - No LoadTimeWeaver setup: ignoring JPA class transformer
2026-07-24 22:33:54 [main] INFO  com.zaxxer.hikari.HikariDataSource - HikariPool-1 - Starting...
2026-07-24 22:33:55 [main] INFO  com.zaxxer.hikari.pool.HikariPool - HikariPool-1 - Added connection ConnectionID:1 ClientConnectionId: a89cdb2b-d2a1-40e8-9e22-2366504b77a7
2026-07-24 22:33:55 [main] INFO  com.zaxxer.hikari.HikariDataSource - HikariPool-1 - Start completed.
2026-07-24 22:33:55 [main] WARN  org.hibernate.orm.deprecation - HHH90000025: SQLServerDialect does not need to be specified explicitly using 'hibernate.dialect' (remove the property setting and it will be selected by default)
2026-07-24 22:33:55 [main] INFO  o.hibernate.orm.connections.pooling - HHH10001005: Database info:
	Database JDBC URL [jdbc:sqlserver://localhost\SQLEXPRESS:11837;concatNullYieldsNull=ON;quotedIdentifier=ON;connectRetryInterval=10;connectRetryCount=1;maxResultBuffer=-1;sendTemporalDataTypesAsStringForBulkCopy=true;delayLoadingLobs=true;useFmtOnly=false;vectorTypeSupport=v1;cacheBulkCopyMetadata=false;bulkCopyForBatchInsertAllowEncryptedValueModifications=false;bulkCopyForBatchInsertTableLock=false;bulkCopyForBatchInsertKeepNulls=false;bulkCopyForBatchInsertKeepIdentity=false;bulkCopyForBatchInsertFireTriggers=false;bulkCopyForBatchInsertCheckConstraints=false;bulkCopyForBatchInsertBatchSize=0;useBulkCopyForBatchInsert=false;cancelQueryTimeout=-1;sslProtocol=TLS;calcBigDecimalPrecision=false;useDefaultJaasConfig=false;jaasConfigurationName=SQLJDBCDriver;statementPoolingCacheSize=0;serverPreparedStatementDiscardThreshold=10;enablePrepareOnFirstPreparedStatementCall=false;fips=false;socketTimeout=0;authentication=NotSpecified;authenticationScheme=nativeAuthentication;xopenStates=false;datetimeParameterType=datetime2;sendTimeAsDatetime=true;replication=false;trustStoreType=JKS;trustServerCertificate=true;TransparentNetworkIPResolution=true;iPAddressPreference=IPv4First;serverNameAsACE=false;sendStringParametersAsUnicode=true;selectMethod=direct;responseBuffering=adaptive;queryTimeout=-1;packetSize=8000;multiSubnetFailover=false;loginTimeout=30;lockTimeout=-1;lastUpdateCount=true;useDefaultGSSCredential=false;prepareMethod=prepexec;encrypt=true;disableStatementPooling=true;databaseName=HotelManagementSystem;columnEncryptionSetting=Disabled;applicationName=Microsoft JDBC Driver for SQL Server;applicationIntent=readwrite;]
	Database driver: Microsoft JDBC Driver 13.4 for SQL Server
	Database dialect: SQLServerDialect
	Database version: 17.0
	Default catalog/schema: HotelManagementSystem/dbo
	Autocommit mode: undefined/unknown
	Isolation level: READ_COMMITTED [default READ_COMMITTED]
	JDBC fetch size: 128
	Pool: DataSourceConnectionProvider
	Minimum pool size: undefined/unknown
	Maximum pool size: undefined/unknown
2026-07-24 22:33:56 [main] INFO  org.hibernate.orm.core - HHH000489: No JTA platform available (set 'hibernate.transaction.jta.platform' to enable JTA platform integration)
2026-07-24 22:33:56 [main] DEBUG org.hibernate.SQL - 
    alter table check_ins 
       alter column notes VARCHAR(MAX)
2026-07-24 22:33:56 [main] DEBUG org.hibernate.SQL - 
    alter table guests 
       alter column notes VARCHAR(MAX)
2026-07-24 22:33:56 [main] DEBUG org.hibernate.SQL - 
    alter table hotels 
       alter column description VARCHAR(MAX)
2026-07-24 22:33:56 [main] DEBUG org.hibernate.SQL - 
    alter table reservations 
       alter column special_requests VARCHAR(MAX)
2026-07-24 22:33:56 [main] DEBUG org.hibernate.SQL - 
    alter table room_status_logs 
       alter column notes VARCHAR(MAX)
2026-07-24 22:33:56 [main] DEBUG org.hibernate.SQL - 
    alter table room_types 
       alter column description VARCHAR(MAX)
2026-07-24 22:33:56 [main] DEBUG org.hibernate.SQL - 
    alter table rooms 
       alter column notes VARCHAR(MAX)
2026-07-24 22:33:56 [main] INFO  o.s.o.j.LocalContainerEntityManagerFactoryBean - Initialized JPA EntityManagerFactory for persistence unit 'default'
2026-07-24 22:33:56 [main] INFO  o.s.d.j.r.q.QueryEnhancerFactories - Hibernate is in classpath; If applicable, HQL parser will be used.
2026-07-24 22:33:57 [main] WARN  o.s.b.s.a.UserDetailsServiceAutoConfiguration - 

Using generated security password: 371a5976-6603-4e76-aacd-9d4460c5b32a

This generated password is for development use only. Your security configuration must be updated before running your application in production.

2026-07-24 22:33:57 [main] INFO  o.s.s.c.a.a.c.InitializeUserDetailsBeanManagerConfigurer$InitializeUserDetailsManagerConfigurer - Global AuthenticationManager configured with UserDetailsService bean with name inMemoryUserDetailsManager
2026-07-24 22:33:58 [main] INFO  o.s.boot.tomcat.TomcatWebServer - Tomcat started on port 8080 (http) with context path '/'
2026-07-24 22:33:58 [main] INFO  c.p.h.HotelManagementSystemApplication - Started HotelManagementSystemApplication in 6.152 seconds (process running for 6.728)
2026-07-24 22:33:58 [main] WARN  o.s.c.events.SpringDocAppInitializer - SpringDoc /api-docs endpoint is enabled by default. To disable it in production, set the property 'springdoc.api-docs.enabled=false'
2026-07-24 22:34:04 [http-nio-8080-exec-1] INFO  o.a.c.c.C.[Tomcat].[localhost].[/] - Initializing Spring DispatcherServlet 'dispatcherServlet'
2026-07-24 22:34:04 [http-nio-8080-exec-1] INFO  o.s.web.servlet.DispatcherServlet - Initializing Servlet 'dispatcherServlet'
2026-07-24 22:34:04 [http-nio-8080-exec-1] INFO  o.s.web.servlet.DispatcherServlet - Completed initialization in 1 ms
2026-07-24 22:34:04 [http-nio-8080-exec-1] DEBUG org.hibernate.SQL - 
    select
        g1_0.id,
        g1_0.created_at,
        g1_0.date_of_birth,
        g1_0.email,
        g1_0.first_name,
        g1_0.gender,
        g1_0.id_number,
        g1_0.id_type,
        g1_0.last_name,
        g1_0.nationality,
        g1_0.notes,
        g1_0.password,
        g1_0.phone 
    from
        guests g1_0 
    where
        g1_0.email=?
2026-07-24 22:34:05 [http-nio-8080-exec-1] DEBUG org.hibernate.SQL - 
    insert 
    into
        guests
        (created_at, date_of_birth, email, first_name, gender, id_number, id_type, last_name, nationality, notes, password, phone) 
    values
        (?, ?, ?, ?, ?, ?, ?, ?, ?, ?, ?, ?)
2026-07-24 22:34:14 [http-nio-8080-exec-5] DEBUG org.hibernate.SQL - 
    select
        g1_0.id,
        g1_0.created_at,
        g1_0.date_of_birth,
        g1_0.email,
        g1_0.first_name,
        g1_0.gender,
        g1_0.id_number,
        g1_0.id_type,
        g1_0.last_name,
        g1_0.nationality,
        g1_0.notes,
        g1_0.password,
        g1_0.phone 
    from
        guests g1_0 
    where
        g1_0.id=?
2026-07-24 22:34:26 [http-nio-8080-exec-3] DEBUG org.hibernate.SQL - 
    select
        g1_0.id,
        g1_0.created_at,
        g1_0.date_of_birth,
        g1_0.email,
        g1_0.first_name,
        g1_0.gender,
        g1_0.id_number,
        g1_0.id_type,
        g1_0.last_name,
        g1_0.nationality,
        g1_0.notes,
        g1_0.password,
        g1_0.phone 
    from
        guests g1_0 
    where
        g1_0.email=?
2026-07-24 22:34:36 [http-nio-8080-exec-7] DEBUG org.hibernate.SQL - 
    select
        g1_0.id,
        g1_0.created_at,
        g1_0.date_of_birth,
        g1_0.email,
        g1_0.first_name,
        g1_0.gender,
        g1_0.id_number,
        g1_0.id_type,
        g1_0.last_name,
        g1_0.nationality,
        g1_0.notes,
        g1_0.password,
        g1_0.phone 
    from
        guests g1_0 
    where
        g1_0.email=?
2026-07-24 22:35:58 [http-nio-8080-exec-9] DEBUG org.hibernate.SQL - 
    select
        h1_0.id,
        h1_0.address,
        h1_0.created_at,
        h1_0.description,
        h1_0.email,
        h1_0.name,
        h1_0.phone 
    from
        hotels h1_0
2026-07-24 22:36:13 [http-nio-8080-exec-10] DEBUG org.hibernate.SQL - 
    select
        g1_0.id,
        g1_0.created_at,
        g1_0.date_of_birth,
        g1_0.email,
        g1_0.first_name,
        g1_0.gender,
        g1_0.id_number,
        g1_0.id_type,
        g1_0.last_name,
        g1_0.nationality,
        g1_0.notes,
        g1_0.password,
        g1_0.phone 
    from
        guests g1_0 
    where
        g1_0.email=?
2026-07-24 22:36:13 [http-nio-8080-exec-1] DEBUG org.hibernate.SQL - 
    select
        h1_0.id,
        h1_0.address,
        h1_0.created_at,
        h1_0.description,
        h1_0.email,
        h1_0.name,
        h1_0.phone 
    from
        hotels h1_0
2026-07-24 22:45:24 [main] INFO  c.p.h.HotelManagementSystemApplication - Starting HotelManagementSystemApplication using Java 24.0.1 with PID 41296 (C:\Users\11837\IdeaProjects\HotelManagementSystem\target\classes started by 11837 in C:\Users\11837\IdeaProjects\HotelManagementSystem)
2026-07-24 22:45:24 [main] DEBUG c.p.h.HotelManagementSystemApplication - Running with Spring Boot v4.1.0, Spring v7.0.8
2026-07-24 22:45:24 [main] INFO  c.p.h.HotelManagementSystemApplication - No active profile set, falling back to 1 default profile: "default"
2026-07-24 22:45:25 [main] INFO  o.s.d.r.c.RepositoryConfigurationDelegate - Bootstrapping Spring Data JPA repositories in DEFAULT mode.
2026-07-24 22:45:25 [main] INFO  o.s.d.r.c.RepositoryConfigurationDelegate - Finished Spring Data repository scanning in 103 ms. Found 17 JPA repository interfaces.
2026-07-24 22:45:25 [main] INFO  o.s.boot.tomcat.TomcatWebServer - Tomcat initialized with port 8080 (http)
2026-07-24 22:45:25 [main] INFO  o.a.catalina.core.StandardService - Starting service [Tomcat]
2026-07-24 22:45:25 [main] INFO  o.a.catalina.core.StandardEngine - Starting Servlet engine: [Apache Tomcat/11.0.22]
2026-07-24 22:45:25 [main] INFO  o.s.b.w.c.s.WebApplicationContextInitializer - Root WebApplicationContext: initialization completed in 1577 ms
2026-07-24 22:45:26 [main] INFO  org.hibernate.orm.jpa - HHH008540: Processing PersistenceUnitInfo [name: default]
2026-07-24 22:45:26 [main] INFO  org.hibernate.orm.core - HHH000001: Hibernate ORM core version 7.4.1.Final
2026-07-24 22:45:26 [main] INFO  o.s.o.j.p.SpringPersistenceUnitInfo - No LoadTimeWeaver setup: ignoring JPA class transformer
2026-07-24 22:45:26 [main] INFO  com.zaxxer.hikari.HikariDataSource - HikariPool-1 - Starting...
2026-07-24 22:45:26 [main] INFO  com.zaxxer.hikari.pool.HikariPool - HikariPool-1 - Added connection ConnectionID:1 ClientConnectionId: d9a40f96-44e5-4eb9-b97b-b55fc3d7cf14
2026-07-24 22:45:26 [main] INFO  com.zaxxer.hikari.HikariDataSource - HikariPool-1 - Start completed.
2026-07-24 22:45:27 [main] WARN  org.hibernate.orm.deprecation - HHH90000025: SQLServerDialect does not need to be specified explicitly using 'hibernate.dialect' (remove the property setting and it will be selected by default)
2026-07-24 22:45:27 [main] INFO  o.hibernate.orm.connections.pooling - HHH10001005: Database info:
	Database JDBC URL [jdbc:sqlserver://localhost\SQLEXPRESS:11837;concatNullYieldsNull=ON;quotedIdentifier=ON;connectRetryInterval=10;connectRetryCount=1;maxResultBuffer=-1;sendTemporalDataTypesAsStringForBulkCopy=true;delayLoadingLobs=true;useFmtOnly=false;vectorTypeSupport=v1;cacheBulkCopyMetadata=false;bulkCopyForBatchInsertAllowEncryptedValueModifications=false;bulkCopyForBatchInsertTableLock=false;bulkCopyForBatchInsertKeepNulls=false;bulkCopyForBatchInsertKeepIdentity=false;bulkCopyForBatchInsertFireTriggers=false;bulkCopyForBatchInsertCheckConstraints=false;bulkCopyForBatchInsertBatchSize=0;useBulkCopyForBatchInsert=false;cancelQueryTimeout=-1;sslProtocol=TLS;calcBigDecimalPrecision=false;useDefaultJaasConfig=false;jaasConfigurationName=SQLJDBCDriver;statementPoolingCacheSize=0;serverPreparedStatementDiscardThreshold=10;enablePrepareOnFirstPreparedStatementCall=false;fips=false;socketTimeout=0;authentication=NotSpecified;authenticationScheme=nativeAuthentication;xopenStates=false;datetimeParameterType=datetime2;sendTimeAsDatetime=true;replication=false;trustStoreType=JKS;trustServerCertificate=true;TransparentNetworkIPResolution=true;iPAddressPreference=IPv4First;serverNameAsACE=false;sendStringParametersAsUnicode=true;selectMethod=direct;responseBuffering=adaptive;queryTimeout=-1;packetSize=8000;multiSubnetFailover=false;loginTimeout=30;lockTimeout=-1;lastUpdateCount=true;useDefaultGSSCredential=false;prepareMethod=prepexec;encrypt=true;disableStatementPooling=true;databaseName=HotelManagementSystem;columnEncryptionSetting=Disabled;applicationName=Microsoft JDBC Driver for SQL Server;applicationIntent=readwrite;]
	Database driver: Microsoft JDBC Driver 13.4 for SQL Server
	Database dialect: SQLServerDialect
	Database version: 17.0
	Default catalog/schema: HotelManagementSystem/dbo
	Autocommit mode: undefined/unknown
	Isolation level: READ_COMMITTED [default READ_COMMITTED]
	JDBC fetch size: 128
	Pool: DataSourceConnectionProvider
	Minimum pool size: undefined/unknown
	Maximum pool size: undefined/unknown
2026-07-24 22:45:28 [main] INFO  org.hibernate.orm.core - HHH000489: No JTA platform available (set 'hibernate.transaction.jta.platform' to enable JTA platform integration)
2026-07-24 22:45:28 [main] DEBUG org.hibernate.SQL - 
    alter table check_ins 
       alter column notes VARCHAR(MAX)
2026-07-24 22:45:28 [main] DEBUG org.hibernate.SQL - 
    alter table guests 
       alter column notes VARCHAR(MAX)
2026-07-24 22:45:28 [main] DEBUG org.hibernate.SQL - 
    alter table hotels 
       alter column description VARCHAR(MAX)
2026-07-24 22:45:28 [main] DEBUG org.hibernate.SQL - 
    alter table reservations 
       alter column special_requests VARCHAR(MAX)
2026-07-24 22:45:28 [main] DEBUG org.hibernate.SQL - 
    alter table room_status_logs 
       alter column notes VARCHAR(MAX)
2026-07-24 22:45:28 [main] DEBUG org.hibernate.SQL - 
    alter table room_types 
       alter column description VARCHAR(MAX)
2026-07-24 22:45:28 [main] DEBUG org.hibernate.SQL - 
    alter table rooms 
       alter column notes VARCHAR(MAX)
2026-07-24 22:45:28 [main] INFO  o.s.o.j.LocalContainerEntityManagerFactoryBean - Initialized JPA EntityManagerFactory for persistence unit 'default'
2026-07-24 22:45:28 [main] INFO  o.s.d.j.r.q.QueryEnhancerFactories - Hibernate is in classpath; If applicable, HQL parser will be used.
2026-07-24 22:45:29 [main] WARN  o.s.b.s.a.UserDetailsServiceAutoConfiguration - 

Using generated security password: 2df171d9-cc81-4a4c-93b9-fd848e35aea3

This generated password is for development use only. Your security configuration must be updated before running your application in production.

2026-07-24 22:45:29 [main] INFO  o.s.s.c.a.a.c.InitializeUserDetailsBeanManagerConfigurer$InitializeUserDetailsManagerConfigurer - Global AuthenticationManager configured with UserDetailsService bean with name inMemoryUserDetailsManager
2026-07-24 22:45:29 [main] INFO  o.s.boot.tomcat.TomcatWebServer - Tomcat started on port 8080 (http) with context path '/'
2026-07-24 22:45:29 [main] INFO  c.p.h.HotelManagementSystemApplication - Started HotelManagementSystemApplication in 6.309 seconds (process running for 6.904)
2026-07-24 22:45:29 [main] WARN  o.s.c.events.SpringDocAppInitializer - SpringDoc /api-docs endpoint is enabled by default. To disable it in production, set the property 'springdoc.api-docs.enabled=false'
2026-07-24 22:45:36 [http-nio-8080-exec-1] INFO  o.a.c.c.C.[Tomcat].[localhost].[/] - Initializing Spring DispatcherServlet 'dispatcherServlet'
2026-07-24 22:45:36 [http-nio-8080-exec-1] INFO  o.s.web.servlet.DispatcherServlet - Initializing Servlet 'dispatcherServlet'
2026-07-24 22:45:36 [http-nio-8080-exec-1] INFO  o.s.web.servlet.DispatcherServlet - Completed initialization in 1 ms
2026-07-24 22:45:36 [http-nio-8080-exec-1] DEBUG org.hibernate.SQL - 
    select
        g1_0.id,
        g1_0.created_at,
        g1_0.date_of_birth,
        g1_0.email,
        g1_0.first_name,
        g1_0.gender,
        g1_0.id_number,
        g1_0.id_type,
        g1_0.last_name,
        g1_0.nationality,
        g1_0.notes,
        g1_0.password,
        g1_0.phone 
    from
        guests g1_0 
    where
        g1_0.email=?
2026-07-24 22:45:37 [http-nio-8080-exec-1] DEBUG org.hibernate.SQL - 
    insert 
    into
        guests
        (created_at, date_of_birth, email, first_name, gender, id_number, id_type, last_name, nationality, notes, password, phone) 
    values
        (?, ?, ?, ?, ?, ?, ?, ?, ?, ?, ?, ?)
2026-07-24 22:45:49 [http-nio-8080-exec-2] DEBUG org.hibernate.SQL - 
    select
        g1_0.id,
        g1_0.created_at,
        g1_0.date_of_birth,
        g1_0.email,
        g1_0.first_name,
        g1_0.gender,
        g1_0.id_number,
        g1_0.id_type,
        g1_0.last_name,
        g1_0.nationality,
        g1_0.notes,
        g1_0.password,
        g1_0.phone 
    from
        guests g1_0
2026-07-24 22:50:24 [http-nio-8080-exec-7] DEBUG org.hibernate.SQL - 
    select
        h1_0.id,
        h1_0.address,
        h1_0.created_at,
        h1_0.description,
        h1_0.email,
        h1_0.name,
        h1_0.phone 
    from
        hotels h1_0
2026-07-24 22:52:02 [http-nio-8080-exec-6] DEBUG org.hibernate.SQL - 
    select
        g1_0.id,
        g1_0.created_at,
        g1_0.date_of_birth,
        g1_0.email,
        g1_0.first_name,
        g1_0.gender,
        g1_0.id_number,
        g1_0.id_type,
        g1_0.last_name,
        g1_0.nationality,
        g1_0.notes,
        g1_0.password,
        g1_0.phone 
    from
        guests g1_0 
    where
        g1_0.email=?
2026-07-24 22:52:02 [http-nio-8080-exec-9] DEBUG org.hibernate.SQL - 
    select
        h1_0.id,
        h1_0.address,
        h1_0.created_at,
        h1_0.description,
        h1_0.email,
        h1_0.name,
        h1_0.phone 
    from
        hotels h1_0
2026-07-24 23:01:11 [main] INFO  c.p.h.HotelManagementSystemApplication - Starting HotelManagementSystemApplication using Java 24.0.1 with PID 47676 (C:\Users\11837\IdeaProjects\HotelManagementSystem\target\classes started by 11837 in C:\Users\11837\IdeaProjects\HotelManagementSystem)
2026-07-24 23:01:11 [main] DEBUG c.p.h.HotelManagementSystemApplication - Running with Spring Boot v4.1.0, Spring v7.0.8
2026-07-24 23:01:11 [main] INFO  c.p.h.HotelManagementSystemApplication - No active profile set, falling back to 1 default profile: "default"
2026-07-24 23:01:12 [main] INFO  o.s.d.r.c.RepositoryConfigurationDelegate - Bootstrapping Spring Data JPA repositories in DEFAULT mode.
2026-07-24 23:01:12 [main] INFO  o.s.d.r.c.RepositoryConfigurationDelegate - Finished Spring Data repository scanning in 97 ms. Found 17 JPA repository interfaces.
2026-07-24 23:01:13 [main] INFO  o.s.boot.tomcat.TomcatWebServer - Tomcat initialized with port 8080 (http)
2026-07-24 23:01:13 [main] INFO  o.a.catalina.core.StandardService - Starting service [Tomcat]
2026-07-24 23:01:13 [main] INFO  o.a.catalina.core.StandardEngine - Starting Servlet engine: [Apache Tomcat/11.0.22]
2026-07-24 23:01:13 [main] INFO  o.s.b.w.c.s.WebApplicationContextInitializer - Root WebApplicationContext: initialization completed in 1493 ms
2026-07-24 23:01:13 [main] INFO  org.hibernate.orm.jpa - HHH008540: Processing PersistenceUnitInfo [name: default]
2026-07-24 23:01:13 [main] INFO  org.hibernate.orm.core - HHH000001: Hibernate ORM core version 7.4.1.Final
2026-07-24 23:01:14 [main] INFO  o.s.o.j.p.SpringPersistenceUnitInfo - No LoadTimeWeaver setup: ignoring JPA class transformer
2026-07-24 23:01:14 [main] INFO  com.zaxxer.hikari.HikariDataSource - HikariPool-1 - Starting...
2026-07-24 23:01:14 [main] INFO  com.zaxxer.hikari.pool.HikariPool - HikariPool-1 - Added connection ConnectionID:1 ClientConnectionId: 1fe7138b-0f10-4939-bc9f-f4bcb0dfcf05
2026-07-24 23:01:14 [main] INFO  com.zaxxer.hikari.HikariDataSource - HikariPool-1 - Start completed.
2026-07-24 23:01:14 [main] WARN  org.hibernate.orm.deprecation - HHH90000025: SQLServerDialect does not need to be specified explicitly using 'hibernate.dialect' (remove the property setting and it will be selected by default)
2026-07-24 23:01:14 [main] INFO  o.hibernate.orm.connections.pooling - HHH10001005: Database info:
	Database JDBC URL [jdbc:sqlserver://localhost\SQLEXPRESS:11837;concatNullYieldsNull=ON;quotedIdentifier=ON;connectRetryInterval=10;connectRetryCount=1;maxResultBuffer=-1;sendTemporalDataTypesAsStringForBulkCopy=true;delayLoadingLobs=true;useFmtOnly=false;vectorTypeSupport=v1;cacheBulkCopyMetadata=false;bulkCopyForBatchInsertAllowEncryptedValueModifications=false;bulkCopyForBatchInsertTableLock=false;bulkCopyForBatchInsertKeepNulls=false;bulkCopyForBatchInsertKeepIdentity=false;bulkCopyForBatchInsertFireTriggers=false;bulkCopyForBatchInsertCheckConstraints=false;bulkCopyForBatchInsertBatchSize=0;useBulkCopyForBatchInsert=false;cancelQueryTimeout=-1;sslProtocol=TLS;calcBigDecimalPrecision=false;useDefaultJaasConfig=false;jaasConfigurationName=SQLJDBCDriver;statementPoolingCacheSize=0;serverPreparedStatementDiscardThreshold=10;enablePrepareOnFirstPreparedStatementCall=false;fips=false;socketTimeout=0;authentication=NotSpecified;authenticationScheme=nativeAuthentication;xopenStates=false;datetimeParameterType=datetime2;sendTimeAsDatetime=true;replication=false;trustStoreType=JKS;trustServerCertificate=true;TransparentNetworkIPResolution=true;iPAddressPreference=IPv4First;serverNameAsACE=false;sendStringParametersAsUnicode=true;selectMethod=direct;responseBuffering=adaptive;queryTimeout=-1;packetSize=8000;multiSubnetFailover=false;loginTimeout=30;lockTimeout=-1;lastUpdateCount=true;useDefaultGSSCredential=false;prepareMethod=prepexec;encrypt=true;disableStatementPooling=true;databaseName=HotelManagementSystem;columnEncryptionSetting=Disabled;applicationName=Microsoft JDBC Driver for SQL Server;applicationIntent=readwrite;]
	Database driver: Microsoft JDBC Driver 13.4 for SQL Server
	Database dialect: SQLServerDialect
	Database version: 17.0
	Default catalog/schema: HotelManagementSystem/dbo
	Autocommit mode: undefined/unknown
	Isolation level: READ_COMMITTED [default READ_COMMITTED]
	JDBC fetch size: 128
	Pool: DataSourceConnectionProvider
	Minimum pool size: undefined/unknown
	Maximum pool size: undefined/unknown
2026-07-24 23:01:15 [main] INFO  org.hibernate.orm.core - HHH000489: No JTA platform available (set 'hibernate.transaction.jta.platform' to enable JTA platform integration)
2026-07-24 23:01:16 [main] DEBUG org.hibernate.SQL - 
    alter table check_ins 
       alter column notes VARCHAR(MAX)
2026-07-24 23:01:16 [main] DEBUG org.hibernate.SQL - 
    alter table guests 
       alter column notes VARCHAR(MAX)
2026-07-24 23:01:16 [main] DEBUG org.hibernate.SQL - 
    alter table hotels 
       alter column description VARCHAR(MAX)
2026-07-24 23:01:16 [main] DEBUG org.hibernate.SQL - 
    alter table reservations 
       alter column special_requests VARCHAR(MAX)
2026-07-24 23:01:16 [main] DEBUG org.hibernate.SQL - 
    alter table room_status_logs 
       alter column notes VARCHAR(MAX)
2026-07-24 23:01:16 [main] DEBUG org.hibernate.SQL - 
    alter table room_types 
       alter column description VARCHAR(MAX)
2026-07-24 23:01:16 [main] DEBUG org.hibernate.SQL - 
    alter table rooms 
       alter column notes VARCHAR(MAX)
2026-07-24 23:01:16 [main] INFO  o.s.o.j.LocalContainerEntityManagerFactoryBean - Initialized JPA EntityManagerFactory for persistence unit 'default'
2026-07-24 23:01:16 [main] INFO  o.s.d.j.r.q.QueryEnhancerFactories - Hibernate is in classpath; If applicable, HQL parser will be used.
2026-07-24 23:01:16 [main] WARN  o.s.b.s.a.UserDetailsServiceAutoConfiguration - 

Using generated security password: 9ced3df7-4c32-4474-ac3c-ef27615af8e0

This generated password is for development use only. Your security configuration must be updated before running your application in production.

2026-07-24 23:01:16 [main] INFO  o.s.s.c.a.a.c.InitializeUserDetailsBeanManagerConfigurer$InitializeUserDetailsManagerConfigurer - Global AuthenticationManager configured with UserDetailsService bean with name inMemoryUserDetailsManager
2026-07-24 23:01:17 [main] INFO  o.s.boot.tomcat.TomcatWebServer - Tomcat started on port 8080 (http) with context path '/'
2026-07-24 23:01:17 [main] INFO  c.p.h.HotelManagementSystemApplication - Started HotelManagementSystemApplication in 6.12 seconds (process running for 6.672)
2026-07-24 23:01:17 [main] WARN  o.s.c.events.SpringDocAppInitializer - SpringDoc /api-docs endpoint is enabled by default. To disable it in production, set the property 'springdoc.api-docs.enabled=false'
2026-07-24 23:01:30 [http-nio-8080-exec-1] INFO  o.a.c.c.C.[Tomcat].[localhost].[/] - Initializing Spring DispatcherServlet 'dispatcherServlet'
2026-07-24 23:01:30 [http-nio-8080-exec-1] INFO  o.s.web.servlet.DispatcherServlet - Initializing Servlet 'dispatcherServlet'
2026-07-24 23:01:30 [http-nio-8080-exec-1] INFO  o.s.web.servlet.DispatcherServlet - Completed initialization in 2 ms
2026-07-24 23:01:30 [http-nio-8080-exec-1] DEBUG org.hibernate.SQL - 
    select
        g1_0.id,
        g1_0.created_at,
        g1_0.date_of_birth,
        g1_0.email,
        g1_0.first_name,
        g1_0.gender,
        g1_0.id_number,
        g1_0.id_type,
        g1_0.last_name,
        g1_0.nationality,
        g1_0.notes,
        g1_0.password,
        g1_0.phone 
    from
        guests g1_0 
    where
        g1_0.id=?
2026-07-24 23:01:30 [http-nio-8080-exec-1] DEBUG org.hibernate.SQL - 
    select
        g1_0.id,
        g1_0.created_at,
        g1_0.date_of_birth,
        g1_0.email,
        g1_0.first_name,
        g1_0.gender,
        g1_0.id_number,
        g1_0.id_type,
        g1_0.last_name,
        g1_0.nationality,
        g1_0.notes,
        g1_0.password,
        g1_0.phone 
    from
        guests g1_0 
    where
        g1_0.id=?
2026-07-24 23:01:30 [http-nio-8080-exec-1] DEBUG org.hibernate.SQL - 
    update
        guests 
    set
        created_at=?,
        date_of_birth=?,
        email=?,
        first_name=?,
        gender=?,
        id_number=?,
        id_type=?,
        last_name=?,
        nationality=?,
        notes=?,
        password=?,
        phone=? 
    where
        id=?
2026-07-24 23:01:40 [http-nio-8080-exec-3] DEBUG org.hibernate.SQL - 
    select
        g1_0.id,
        g1_0.created_at,
        g1_0.date_of_birth,
        g1_0.email,
        g1_0.first_name,
        g1_0.gender,
        g1_0.id_number,
        g1_0.id_type,
        g1_0.last_name,
        g1_0.nationality,
        g1_0.notes,
        g1_0.password,
        g1_0.phone 
    from
        guests g1_0 
    where
        g1_0.id=?
2026-07-24 23:01:51 [http-nio-8080-exec-5] DEBUG org.hibernate.SQL - 
    select
        g1_0.id,
        g1_0.created_at,
        g1_0.date_of_birth,
        g1_0.email,
        g1_0.first_name,
        g1_0.gender,
        g1_0.id_number,
        g1_0.id_type,
        g1_0.last_name,
        g1_0.nationality,
        g1_0.notes,
        g1_0.password,
        g1_0.phone 
    from
        guests g1_0 
    where
        g1_0.id=?
2026-07-24 23:01:51 [http-nio-8080-exec-5] DEBUG org.hibernate.SQL - 
    select
        g1_0.id,
        g1_0.created_at,
        g1_0.date_of_birth,
        g1_0.email,
        g1_0.first_name,
        g1_0.gender,
        g1_0.id_number,
        g1_0.id_type,
        g1_0.last_name,
        g1_0.nationality,
        g1_0.notes,
        g1_0.password,
        g1_0.phone 
    from
        guests g1_0 
    where
        g1_0.id=?
2026-07-24 23:01:51 [http-nio-8080-exec-5] DEBUG org.hibernate.SQL - 
    update
        guests 
    set
        created_at=?,
        date_of_birth=?,
        email=?,
        first_name=?,
        gender=?,
        id_number=?,
        id_type=?,
        last_name=?,
        nationality=?,
        notes=?,
        password=?,
        phone=? 
    where
        id=?
2026-07-24 23:02:02 [http-nio-8080-exec-4] DEBUG org.hibernate.SQL - 
    select
        g1_0.id,
        g1_0.created_at,
        g1_0.date_of_birth,
        g1_0.email,
        g1_0.first_name,
        g1_0.gender,
        g1_0.id_number,
        g1_0.id_type,
        g1_0.last_name,
        g1_0.nationality,
        g1_0.notes,
        g1_0.password,
        g1_0.phone 
    from
        guests g1_0 
    where
        g1_0.id=?
2026-07-24 23:02:12 [http-nio-8080-exec-9] DEBUG org.hibernate.SQL - 
    select
        g1_0.id,
        g1_0.created_at,
        g1_0.date_of_birth,
        g1_0.email,
        g1_0.first_name,
        g1_0.gender,
        g1_0.id_number,
        g1_0.id_type,
        g1_0.last_name,
        g1_0.nationality,
        g1_0.notes,
        g1_0.password,
        g1_0.phone 
    from
        guests g1_0 
    where
        g1_0.id=?
2026-07-24 23:02:12 [http-nio-8080-exec-9] DEBUG org.hibernate.SQL - 
    select
        g1_0.id,
        g1_0.created_at,
        g1_0.date_of_birth,
        g1_0.email,
        g1_0.first_name,
        g1_0.gender,
        g1_0.id_number,
        g1_0.id_type,
        g1_0.last_name,
        g1_0.nationality,
        g1_0.notes,
        g1_0.password,
        g1_0.phone 
    from
        guests g1_0 
    where
        g1_0.id=?
2026-07-24 23:03:33 [http-nio-8080-exec-1] DEBUG org.hibernate.SQL - 
    select
        g1_0.id,
        g1_0.created_at,
        g1_0.date_of_birth,
        g1_0.email,
        g1_0.first_name,
        g1_0.gender,
        g1_0.id_number,
        g1_0.id_type,
        g1_0.last_name,
        g1_0.nationality,
        g1_0.notes,
        g1_0.password,
        g1_0.phone 
    from
        guests g1_0 
    where
        g1_0.id=?
2026-07-24 23:03:33 [http-nio-8080-exec-1] DEBUG org.hibernate.SQL - 
    select
        g1_0.id,
        g1_0.created_at,
        g1_0.date_of_birth,
        g1_0.email,
        g1_0.first_name,
        g1_0.gender,
        g1_0.id_number,
        g1_0.id_type,
        g1_0.last_name,
        g1_0.nationality,
        g1_0.notes,
        g1_0.password,
        g1_0.phone 
    from
        guests g1_0 
    where
        g1_0.id=?
2026-07-24 23:03:33 [http-nio-8080-exec-1] DEBUG org.hibernate.SQL - 
    update
        guests 
    set
        created_at=?,
        date_of_birth=?,
        email=?,
        first_name=?,
        gender=?,
        id_number=?,
        id_type=?,
        last_name=?,
        nationality=?,
        notes=?,
        password=?,
        phone=? 
    where
        id=?
2026-07-24 23:04:33 [http-nio-8080-exec-2] DEBUG org.hibernate.SQL - 
    select
        g1_0.id,
        g1_0.created_at,
        g1_0.date_of_birth,
        g1_0.email,
        g1_0.first_name,
        g1_0.gender,
        g1_0.id_number,
        g1_0.id_type,
        g1_0.last_name,
        g1_0.nationality,
        g1_0.notes,
        g1_0.password,
        g1_0.phone 
    from
        guests g1_0 
    where
        g1_0.id=?
2026-07-24 23:04:33 [http-nio-8080-exec-2] DEBUG org.hibernate.SQL - 
    select
        g1_0.id,
        g1_0.created_at,
        g1_0.date_of_birth,
        g1_0.email,
        g1_0.first_name,
        g1_0.gender,
        g1_0.id_number,
        g1_0.id_type,
        g1_0.last_name,
        g1_0.nationality,
        g1_0.notes,
        g1_0.password,
        g1_0.phone 
    from
        guests g1_0 
    where
        g1_0.id=?
2026-07-24 23:04:33 [http-nio-8080-exec-2] DEBUG org.hibernate.SQL - 
    update
        guests 
    set
        created_at=?,
        date_of_birth=?,
        email=?,
        first_name=?,
        gender=?,
        id_number=?,
        id_type=?,
        last_name=?,
        nationality=?,
        notes=?,
        password=?,
        phone=? 
    where
        id=?
2026-07-24 23:04:37 [http-nio-8080-exec-3] DEBUG org.hibernate.SQL - 
    select
        g1_0.id,
        g1_0.created_at,
        g1_0.date_of_birth,
        g1_0.email,
        g1_0.first_name,
        g1_0.gender,
        g1_0.id_number,
        g1_0.id_type,
        g1_0.last_name,
        g1_0.nationality,
        g1_0.notes,
        g1_0.password,
        g1_0.phone 
    from
        guests g1_0 
    where
        g1_0.id=?
2026-07-24 23:04:37 [http-nio-8080-exec-3] DEBUG org.hibernate.SQL - 
    select
        g1_0.id,
        g1_0.created_at,
        g1_0.date_of_birth,
        g1_0.email,
        g1_0.first_name,
        g1_0.gender,
        g1_0.id_number,
        g1_0.id_type,
        g1_0.last_name,
        g1_0.nationality,
        g1_0.notes,
        g1_0.password,
        g1_0.phone 
    from
        guests g1_0 
    where
        g1_0.id=?
2026-07-24 23:04:45 [http-nio-8080-exec-7] DEBUG org.hibernate.SQL - 
    select
        g1_0.id,
        g1_0.created_at,
        g1_0.date_of_birth,
        g1_0.email,
        g1_0.first_name,
        g1_0.gender,
        g1_0.id_number,
        g1_0.id_type,
        g1_0.last_name,
        g1_0.nationality,
        g1_0.notes,
        g1_0.password,
        g1_0.phone 
    from
        guests g1_0 
    where
        g1_0.id=?
2026-07-24 23:04:45 [http-nio-8080-exec-7] DEBUG org.hibernate.SQL - 
    select
        g1_0.id,
        g1_0.created_at,
        g1_0.date_of_birth,
        g1_0.email,
        g1_0.first_name,
        g1_0.gender,
        g1_0.id_number,
        g1_0.id_type,
        g1_0.last_name,
        g1_0.nationality,
        g1_0.notes,
        g1_0.password,
        g1_0.phone 
    from
        guests g1_0 
    where
        g1_0.id=?
2026-07-24 23:04:45 [http-nio-8080-exec-7] DEBUG org.hibernate.SQL - 
    update
        guests 
    set
        created_at=?,
        date_of_birth=?,
        email=?,
        first_name=?,
        gender=?,
        id_number=?,
        id_type=?,
        last_name=?,
        nationality=?,
        notes=?,
        password=?,
        phone=? 
    where
        id=?
2026-07-24 23:04:45 [http-nio-8080-exec-7] WARN  org.hibernate.orm.jdbc.error - HHH000247: ErrorCode: 547, SQLState: 23000
2026-07-24 23:04:45 [http-nio-8080-exec-7] WARN  org.hibernate.orm.jdbc.error - UPDATE 语句与 CHECK 约束"CK__guests__gender__60A75C0F"冲突。该冲突发生于数据库"HotelManagementSystem"，表"dbo.guests", column 'gender'。
2026-07-24 23:04:45 [http-nio-8080-exec-7] WARN  c.p.h.common.GlobalExceptionHandler - Data integrity violation: could not execute statement [UPDATE 语句与 CHECK 约束"CK__guests__gender__60A75C0F"冲突。该冲突发生于数据库"HotelManagementSystem"，表"dbo.guests", column 'gender'。] [update guests set created_at=?,date_of_birth=?,email=?,first_name=?,gender=?,id_number=?,id_type=?,last_name=?,nationality=?,notes=?,password=?,phone=? where id=?]; SQL [update guests set created_at=?,date_of_birth=?,email=?,first_name=?,gender=?,id_number=?,id_type=?,last_name=?,nationality=?,notes=?,password=?,phone=? where id=?]; constraint [null]
2026-07-24 23:04:47 [http-nio-8080-exec-5] DEBUG org.hibernate.SQL - 
    select
        g1_0.id,
        g1_0.created_at,
        g1_0.date_of_birth,
        g1_0.email,
        g1_0.first_name,
        g1_0.gender,
        g1_0.id_number,
        g1_0.id_type,
        g1_0.last_name,
        g1_0.nationality,
        g1_0.notes,
        g1_0.password,
        g1_0.phone 
    from
        guests g1_0 
    where
        g1_0.id=?
2026-07-24 23:04:47 [http-nio-8080-exec-5] DEBUG org.hibernate.SQL - 
    select
        g1_0.id,
        g1_0.created_at,
        g1_0.date_of_birth,
        g1_0.email,
        g1_0.first_name,
        g1_0.gender,
        g1_0.id_number,
        g1_0.id_type,
        g1_0.last_name,
        g1_0.nationality,
        g1_0.notes,
        g1_0.password,
        g1_0.phone 
    from
        guests g1_0 
    where
        g1_0.id=?
2026-07-24 23:04:47 [http-nio-8080-exec-5] DEBUG org.hibernate.SQL - 
    update
        guests 
    set
        created_at=?,
        date_of_birth=?,
        email=?,
        first_name=?,
        gender=?,
        id_number=?,
        id_type=?,
        last_name=?,
        nationality=?,
        notes=?,
        password=?,
        phone=? 
    where
        id=?
2026-07-24 23:04:47 [http-nio-8080-exec-5] WARN  org.hibernate.orm.jdbc.error - HHH000247: ErrorCode: 547, SQLState: 23000
2026-07-24 23:04:47 [http-nio-8080-exec-5] WARN  org.hibernate.orm.jdbc.error - UPDATE 语句与 CHECK 约束"CK__guests__gender__60A75C0F"冲突。该冲突发生于数据库"HotelManagementSystem"，表"dbo.guests", column 'gender'。
2026-07-24 23:04:47 [http-nio-8080-exec-5] WARN  c.p.h.common.GlobalExceptionHandler - Data integrity violation: could not execute statement [UPDATE 语句与 CHECK 约束"CK__guests__gender__60A75C0F"冲突。该冲突发生于数据库"HotelManagementSystem"，表"dbo.guests", column 'gender'。] [update guests set created_at=?,date_of_birth=?,email=?,first_name=?,gender=?,id_number=?,id_type=?,last_name=?,nationality=?,notes=?,password=?,phone=? where id=?]; SQL [update guests set created_at=?,date_of_birth=?,email=?,first_name=?,gender=?,id_number=?,id_type=?,last_name=?,nationality=?,notes=?,password=?,phone=? where id=?]; constraint [null]
2026-07-24 23:04:48 [http-nio-8080-exec-6] DEBUG org.hibernate.SQL - 
    select
        g1_0.id,
        g1_0.created_at,
        g1_0.date_of_birth,
        g1_0.email,
        g1_0.first_name,
        g1_0.gender,
        g1_0.id_number,
        g1_0.id_type,
        g1_0.last_name,
        g1_0.nationality,
        g1_0.notes,
        g1_0.password,
        g1_0.phone 
    from
        guests g1_0 
    where
        g1_0.id=?
2026-07-24 23:04:48 [http-nio-8080-exec-6] DEBUG org.hibernate.SQL - 
    select
        g1_0.id,
        g1_0.created_at,
        g1_0.date_of_birth,
        g1_0.email,
        g1_0.first_name,
        g1_0.gender,
        g1_0.id_number,
        g1_0.id_type,
        g1_0.last_name,
        g1_0.nationality,
        g1_0.notes,
        g1_0.password,
        g1_0.phone 
    from
        guests g1_0 
    where
        g1_0.id=?
2026-07-24 23:04:48 [http-nio-8080-exec-6] DEBUG org.hibernate.SQL - 
    update
        guests 
    set
        created_at=?,
        date_of_birth=?,
        email=?,
        first_name=?,
        gender=?,
        id_number=?,
        id_type=?,
        last_name=?,
        nationality=?,
        notes=?,
        password=?,
        phone=? 
    where
        id=?
2026-07-24 23:04:48 [http-nio-8080-exec-6] WARN  org.hibernate.orm.jdbc.error - HHH000247: ErrorCode: 547, SQLState: 23000
2026-07-24 23:04:48 [http-nio-8080-exec-6] WARN  org.hibernate.orm.jdbc.error - UPDATE 语句与 CHECK 约束"CK__guests__gender__60A75C0F"冲突。该冲突发生于数据库"HotelManagementSystem"，表"dbo.guests", column 'gender'。
2026-07-24 23:04:48 [http-nio-8080-exec-6] WARN  c.p.h.common.GlobalExceptionHandler - Data integrity violation: could not execute statement [UPDATE 语句与 CHECK 约束"CK__guests__gender__60A75C0F"冲突。该冲突发生于数据库"HotelManagementSystem"，表"dbo.guests", column 'gender'。] [update guests set created_at=?,date_of_birth=?,email=?,first_name=?,gender=?,id_number=?,id_type=?,last_name=?,nationality=?,notes=?,password=?,phone=? where id=?]; SQL [update guests set created_at=?,date_of_birth=?,email=?,first_name=?,gender=?,id_number=?,id_type=?,last_name=?,nationality=?,notes=?,password=?,phone=? where id=?]; constraint [null]
2026-07-24 23:04:56 [http-nio-8080-exec-4] DEBUG org.hibernate.SQL - 
    select
        g1_0.id,
        g1_0.created_at,
        g1_0.date_of_birth,
        g1_0.email,
        g1_0.first_name,
        g1_0.gender,
        g1_0.id_number,
        g1_0.id_type,
        g1_0.last_name,
        g1_0.nationality,
        g1_0.notes,
        g1_0.password,
        g1_0.phone 
    from
        guests g1_0 
    where
        g1_0.id=?
2026-07-24 23:04:56 [http-nio-8080-exec-4] DEBUG org.hibernate.SQL - 
    select
        g1_0.id,
        g1_0.created_at,
        g1_0.date_of_birth,
        g1_0.email,
        g1_0.first_name,
        g1_0.gender,
        g1_0.id_number,
        g1_0.id_type,
        g1_0.last_name,
        g1_0.nationality,
        g1_0.notes,
        g1_0.password,
        g1_0.phone 
    from
        guests g1_0 
    where
        g1_0.id=?
2026-07-24 23:04:56 [http-nio-8080-exec-4] DEBUG org.hibernate.SQL - 
    update
        guests 
    set
        created_at=?,
        date_of_birth=?,
        email=?,
        first_name=?,
        gender=?,
        id_number=?,
        id_type=?,
        last_name=?,
        nationality=?,
        notes=?,
        password=?,
        phone=? 
    where
        id=?
2026-07-24 23:04:56 [http-nio-8080-exec-4] WARN  org.hibernate.orm.jdbc.error - HHH000247: ErrorCode: 547, SQLState: 23000
2026-07-24 23:04:56 [http-nio-8080-exec-4] WARN  org.hibernate.orm.jdbc.error - UPDATE 语句与 CHECK 约束"CK__guests__gender__60A75C0F"冲突。该冲突发生于数据库"HotelManagementSystem"，表"dbo.guests", column 'gender'。
2026-07-24 23:04:56 [http-nio-8080-exec-4] WARN  c.p.h.common.GlobalExceptionHandler - Data integrity violation: could not execute statement [UPDATE 语句与 CHECK 约束"CK__guests__gender__60A75C0F"冲突。该冲突发生于数据库"HotelManagementSystem"，表"dbo.guests", column 'gender'。] [update guests set created_at=?,date_of_birth=?,email=?,first_name=?,gender=?,id_number=?,id_type=?,last_name=?,nationality=?,notes=?,password=?,phone=? where id=?]; SQL [update guests set created_at=?,date_of_birth=?,email=?,first_name=?,gender=?,id_number=?,id_type=?,last_name=?,nationality=?,notes=?,password=?,phone=? where id=?]; constraint [null]
2026-07-24 23:04:58 [http-nio-8080-exec-8] DEBUG org.hibernate.SQL - 
    select
        g1_0.id,
        g1_0.created_at,
        g1_0.date_of_birth,
        g1_0.email,
        g1_0.first_name,
        g1_0.gender,
        g1_0.id_number,
        g1_0.id_type,
        g1_0.last_name,
        g1_0.nationality,
        g1_0.notes,
        g1_0.password,
        g1_0.phone 
    from
        guests g1_0 
    where
        g1_0.id=?
2026-07-24 23:04:58 [http-nio-8080-exec-8] DEBUG org.hibernate.SQL - 
    select
        g1_0.id,
        g1_0.created_at,
        g1_0.date_of_birth,
        g1_0.email,
        g1_0.first_name,
        g1_0.gender,
        g1_0.id_number,
        g1_0.id_type,
        g1_0.last_name,
        g1_0.nationality,
        g1_0.notes,
        g1_0.password,
        g1_0.phone 
    from
        guests g1_0 
    where
        g1_0.id=?
2026-07-24 23:05:01 [http-nio-8080-exec-9] DEBUG org.hibernate.SQL - 
    select
        g1_0.id,
        g1_0.created_at,
        g1_0.date_of_birth,
        g1_0.email,
        g1_0.first_name,
        g1_0.gender,
        g1_0.id_number,
        g1_0.id_type,
        g1_0.last_name,
        g1_0.nationality,
        g1_0.notes,
        g1_0.password,
        g1_0.phone 
    from
        guests g1_0 
    where
        g1_0.id=?
2026-07-24 23:05:01 [http-nio-8080-exec-9] DEBUG org.hibernate.SQL - 
    select
        g1_0.id,
        g1_0.created_at,
        g1_0.date_of_birth,
        g1_0.email,
        g1_0.first_name,
        g1_0.gender,
        g1_0.id_number,
        g1_0.id_type,
        g1_0.last_name,
        g1_0.nationality,
        g1_0.notes,
        g1_0.password,
        g1_0.phone 
    from
        guests g1_0 
    where
        g1_0.id=?
2026-07-24 23:05:01 [http-nio-8080-exec-9] DEBUG org.hibernate.SQL - 
    update
        guests 
    set
        created_at=?,
        date_of_birth=?,
        email=?,
        first_name=?,
        gender=?,
        id_number=?,
        id_type=?,
        last_name=?,
        nationality=?,
        notes=?,
        password=?,
        phone=? 
    where
        id=?
2026-07-24 23:07:57 [http-nio-8080-exec-10] DEBUG org.hibernate.SQL - 
    select
        g1_0.id,
        g1_0.created_at,
        g1_0.date_of_birth,
        g1_0.email,
        g1_0.first_name,
        g1_0.gender,
        g1_0.id_number,
        g1_0.id_type,
        g1_0.last_name,
        g1_0.nationality,
        g1_0.notes,
        g1_0.password,
        g1_0.phone 
    from
        guests g1_0 
    where
        g1_0.id=?
2026-07-24 23:07:57 [http-nio-8080-exec-10] DEBUG org.hibernate.SQL - 
    select
        g1_0.id,
        g1_0.created_at,
        g1_0.date_of_birth,
        g1_0.email,
        g1_0.first_name,
        g1_0.gender,
        g1_0.id_number,
        g1_0.id_type,
        g1_0.last_name,
        g1_0.nationality,
        g1_0.notes,
        g1_0.password,
        g1_0.phone 
    from
        guests g1_0 
    where
        g1_0.id=?
2026-07-24 23:08:05 [http-nio-8080-exec-2] DEBUG org.hibernate.SQL - 
    select
        g1_0.id,
        g1_0.created_at,
        g1_0.date_of_birth,
        g1_0.email,
        g1_0.first_name,
        g1_0.gender,
        g1_0.id_number,
        g1_0.id_type,
        g1_0.last_name,
        g1_0.nationality,
        g1_0.notes,
        g1_0.password,
        g1_0.phone 
    from
        guests g1_0 
    where
        g1_0.id=?
2026-07-24 23:10:16 [http-nio-8080-exec-7] DEBUG org.hibernate.SQL - 
    select
        g1_0.id,
        g1_0.created_at,
        g1_0.date_of_birth,
        g1_0.email,
        g1_0.first_name,
        g1_0.gender,
        g1_0.id_number,
        g1_0.id_type,
        g1_0.last_name,
        g1_0.nationality,
        g1_0.notes,
        g1_0.password,
        g1_0.phone 
    from
        guests g1_0 
    where
        g1_0.id=?
2026-07-24 23:10:16 [http-nio-8080-exec-7] DEBUG org.hibernate.SQL - 
    select
        g1_0.id,
        g1_0.created_at,
        g1_0.date_of_birth,
        g1_0.email,
        g1_0.first_name,
        g1_0.gender,
        g1_0.id_number,
        g1_0.id_type,
        g1_0.last_name,
        g1_0.nationality,
        g1_0.notes,
        g1_0.password,
        g1_0.phone 
    from
        guests g1_0 
    where
        g1_0.id=?
2026-07-24 23:10:55 [http-nio-8080-exec-5] DEBUG org.hibernate.SQL - 
    select
        g1_0.id,
        g1_0.created_at,
        g1_0.date_of_birth,
        g1_0.email,
        g1_0.first_name,
        g1_0.gender,
        g1_0.id_number,
        g1_0.id_type,
        g1_0.last_name,
        g1_0.nationality,
        g1_0.notes,
        g1_0.password,
        g1_0.phone 
    from
        guests g1_0 
    where
        g1_0.id=?
2026-07-24 23:10:55 [http-nio-8080-exec-5] DEBUG org.hibernate.SQL - 
    select
        g1_0.id,
        g1_0.created_at,
        g1_0.date_of_birth,
        g1_0.email,
        g1_0.first_name,
        g1_0.gender,
        g1_0.id_number,
        g1_0.id_type,
        g1_0.last_name,
        g1_0.nationality,
        g1_0.notes,
        g1_0.password,
        g1_0.phone 
    from
        guests g1_0 
    where
        g1_0.id=?
2026-07-24 23:10:55 [http-nio-8080-exec-5] DEBUG org.hibernate.SQL - 
    update
        guests 
    set
        created_at=?,
        date_of_birth=?,
        email=?,
        first_name=?,
        gender=?,
        id_number=?,
        id_type=?,
        last_name=?,
        nationality=?,
        notes=?,
        password=?,
        phone=? 
    where
        id=?
2026-07-24 23:11:06 [http-nio-8080-exec-6] DEBUG org.hibernate.SQL - 
    select
        g1_0.id,
        g1_0.created_at,
        g1_0.date_of_birth,
        g1_0.email,
        g1_0.first_name,
        g1_0.gender,
        g1_0.id_number,
        g1_0.id_type,
        g1_0.last_name,
        g1_0.nationality,
        g1_0.notes,
        g1_0.password,
        g1_0.phone 
    from
        guests g1_0 
    where
        g1_0.id=?
2026-07-24 23:11:06 [http-nio-8080-exec-6] DEBUG org.hibernate.SQL - 
    select
        g1_0.id,
        g1_0.created_at,
        g1_0.date_of_birth,
        g1_0.email,
        g1_0.first_name,
        g1_0.gender,
        g1_0.id_number,
        g1_0.id_type,
        g1_0.last_name,
        g1_0.nationality,
        g1_0.notes,
        g1_0.password,
        g1_0.phone 
    from
        guests g1_0 
    where
        g1_0.id=?
2026-07-24 23:12:31 [http-nio-8080-exec-4] DEBUG org.hibernate.SQL - 
    select
        g1_0.id,
        g1_0.created_at,
        g1_0.date_of_birth,
        g1_0.email,
        g1_0.first_name,
        g1_0.gender,
        g1_0.id_number,
        g1_0.id_type,
        g1_0.last_name,
        g1_0.nationality,
        g1_0.notes,
        g1_0.password,
        g1_0.phone 
    from
        guests g1_0 
    where
        g1_0.email=?
2026-07-24 23:13:07 [http-nio-8080-exec-9] DEBUG org.hibernate.SQL - 
    select
        g1_0.id,
        g1_0.created_at,
        g1_0.date_of_birth,
        g1_0.email,
        g1_0.first_name,
        g1_0.gender,
        g1_0.id_number,
        g1_0.id_type,
        g1_0.last_name,
        g1_0.nationality,
        g1_0.notes,
        g1_0.password,
        g1_0.phone 
    from
        guests g1_0
2026-07-24 23:13:44 [http-nio-8080-exec-1] DEBUG org.hibernate.SQL - 
    select
        g1_0.id,
        g1_0.created_at,
        g1_0.date_of_birth,
        g1_0.email,
        g1_0.first_name,
        g1_0.gender,
        g1_0.id_number,
        g1_0.id_type,
        g1_0.last_name,
        g1_0.nationality,
        g1_0.notes,
        g1_0.password,
        g1_0.phone 
    from
        guests g1_0 
    where
        g1_0.email=?
2026-07-24 23:13:44 [http-nio-8080-exec-2] DEBUG org.hibernate.SQL - 
    select
        h1_0.id,
        h1_0.address,
        h1_0.created_at,
        h1_0.description,
        h1_0.email,
        h1_0.name,
        h1_0.phone 
    from
        hotels h1_0
2026-07-24 23:13:51 [http-nio-8080-exec-3] DEBUG org.hibernate.SQL - 
    select
        g1_0.id,
        g1_0.created_at,
        g1_0.date_of_birth,
        g1_0.email,
        g1_0.first_name,
        g1_0.gender,
        g1_0.id_number,
        g1_0.id_type,
        g1_0.last_name,
        g1_0.nationality,
        g1_0.notes,
        g1_0.password,
        g1_0.phone 
    from
        guests g1_0 
    where
        g1_0.id=?
2026-07-24 23:13:51 [http-nio-8080-exec-3] DEBUG org.hibernate.SQL - 
    select
        g1_0.id,
        g1_0.created_at,
        g1_0.date_of_birth,
        g1_0.email,
        g1_0.first_name,
        g1_0.gender,
        g1_0.id_number,
        g1_0.id_type,
        g1_0.last_name,
        g1_0.nationality,
        g1_0.notes,
        g1_0.password,
        g1_0.phone 
    from
        guests g1_0 
    where
        g1_0.id=?
2026-07-24 23:13:55 [http-nio-8080-exec-7] DEBUG org.hibernate.SQL - 
    select
        g1_0.id,
        g1_0.created_at,
        g1_0.date_of_birth,
        g1_0.email,
        g1_0.first_name,
        g1_0.gender,
        g1_0.id_number,
        g1_0.id_type,
        g1_0.last_name,
        g1_0.nationality,
        g1_0.notes,
        g1_0.password,
        g1_0.phone 
    from
        guests g1_0 
    where
        g1_0.id=?
2026-07-24 23:13:55 [http-nio-8080-exec-7] DEBUG org.hibernate.SQL - 
    select
        g1_0.id,
        g1_0.created_at,
        g1_0.date_of_birth,
        g1_0.email,
        g1_0.first_name,
        g1_0.gender,
        g1_0.id_number,
        g1_0.id_type,
        g1_0.last_name,
        g1_0.nationality,
        g1_0.notes,
        g1_0.password,
        g1_0.phone 
    from
        guests g1_0 
    where
        g1_0.id=?
2026-07-24 23:13:55 [http-nio-8080-exec-7] DEBUG org.hibernate.SQL - 
    update
        guests 
    set
        created_at=?,
        date_of_birth=?,
        email=?,
        first_name=?,
        gender=?,
        id_number=?,
        id_type=?,
        last_name=?,
        nationality=?,
        notes=?,
        password=?,
        phone=? 
    where
        id=?
2026-07-24 23:13:59 [http-nio-8080-exec-5] DEBUG org.hibernate.SQL - 
    select
        g1_0.id,
        g1_0.created_at,
        g1_0.date_of_birth,
        g1_0.email,
        g1_0.first_name,
        g1_0.gender,
        g1_0.id_number,
        g1_0.id_type,
        g1_0.last_name,
        g1_0.nationality,
        g1_0.notes,
        g1_0.password,
        g1_0.phone 
    from
        guests g1_0 
    where
        g1_0.id=?
2026-07-24 23:13:59 [http-nio-8080-exec-5] DEBUG org.hibernate.SQL - 
    select
        g1_0.id,
        g1_0.created_at,
        g1_0.date_of_birth,
        g1_0.email,
        g1_0.first_name,
        g1_0.gender,
        g1_0.id_number,
        g1_0.id_type,
        g1_0.last_name,
        g1_0.nationality,
        g1_0.notes,
        g1_0.password,
        g1_0.phone 
    from
        guests g1_0 
    where
        g1_0.id=?
2026-07-24 23:13:59 [http-nio-8080-exec-5] DEBUG org.hibernate.SQL - 
    update
        guests 
    set
        created_at=?,
        date_of_birth=?,
        email=?,
        first_name=?,
        gender=?,
        id_number=?,
        id_type=?,
        last_name=?,
        nationality=?,
        notes=?,
        password=?,
        phone=? 
    where
        id=?
2026-07-24 23:14:16 [http-nio-8080-exec-6] DEBUG org.hibernate.SQL - 
    select
        g1_0.id,
        g1_0.created_at,
        g1_0.date_of_birth,
        g1_0.email,
        g1_0.first_name,
        g1_0.gender,
        g1_0.id_number,
        g1_0.id_type,
        g1_0.last_name,
        g1_0.nationality,
        g1_0.notes,
        g1_0.password,
        g1_0.phone 
    from
        guests g1_0 
    where
        g1_0.id=?
2026-07-24 23:14:16 [http-nio-8080-exec-6] DEBUG org.hibernate.SQL - 
    select
        g1_0.id,
        g1_0.created_at,
        g1_0.date_of_birth,
        g1_0.email,
        g1_0.first_name,
        g1_0.gender,
        g1_0.id_number,
        g1_0.id_type,
        g1_0.last_name,
        g1_0.nationality,
        g1_0.notes,
        g1_0.password,
        g1_0.phone 
    from
        guests g1_0 
    where
        g1_0.id=?
2026-07-24 23:14:20 [http-nio-8080-exec-4] DEBUG org.hibernate.SQL - 
    select
        h1_0.id,
        h1_0.address,
        h1_0.created_at,
        h1_0.description,
        h1_0.email,
        h1_0.name,
        h1_0.phone 
    from
        hotels h1_0
2026-07-24 23:14:25 [http-nio-8080-exec-8] DEBUG org.hibernate.SQL - 
    select
        h1_0.id,
        h1_0.address,
        h1_0.created_at,
        h1_0.description,
        h1_0.email,
        h1_0.name,
        h1_0.phone 
    from
        hotels h1_0
2026-07-24 23:14:25 [http-nio-8080-exec-9] DEBUG org.hibernate.SQL - 
    select
        h1_0.id,
        h1_0.address,
        h1_0.created_at,
        h1_0.description,
        h1_0.email,
        h1_0.name,
        h1_0.phone 
    from
        hotels h1_0
2026-07-24 23:14:33 [http-nio-8080-exec-10] DEBUG org.hibernate.SQL - 
    select
        r1_0.id,
        r1_0.booking_date,
        r1_0.channel,
        r1_0.check_in_date,
        r1_0.check_out_date,
        r1_0.employee_id,
        r1_0.guest_id,
        r1_0.special_requests,
        r1_0.status,
        r1_0.total_amount 
    from
        reservations r1_0 
    where
        r1_0.guest_id=?
2026-07-24 23:14:37 [http-nio-8080-exec-1] DEBUG org.hibernate.SQL - 
    select
        h1_0.id,
        h1_0.address,
        h1_0.created_at,
        h1_0.description,
        h1_0.email,
        h1_0.name,
        h1_0.phone 
    from
        hotels h1_0
2026-07-24 23:14:56 [http-nio-8080-exec-2] DEBUG org.hibernate.SQL - 
    select
        h1_0.id,
        h1_0.address,
        h1_0.created_at,
        h1_0.description,
        h1_0.email,
        h1_0.name,
        h1_0.phone 
    from
        hotels h1_0
